dataset,representation,classifier,bin,lower_edge,upper_edge,n,mean_confidence,accuracy
TNBC_Breast_Cancer,scgpt_embeddings,logreg,1,0.0,0.1,0,,
TNBC_Breast_Cancer,scgpt_embeddings,logreg,2,0.1,0.2,0,,
TNBC_Breast_Cancer,scgpt_embeddings,logreg,3,0.2,0.3,0,,
TNBC_Breast_Cancer,scgpt_embeddings,logreg,4,0.3,0.4,47,0.3739335834980011,0.425531914893617
TNBC_Breast_Cancer,scgpt_embeddings,logreg,5,0.4,0.5,451,0.46651896834373474,0.4567627494456763
TNBC_Breast_Cancer,scgpt_embeddings,logreg,6,0.5,0.6,3908,0.5499597787857056,0.5463152507676561
TNBC_Breast_Cancer,scgpt_embeddings,logreg,7,0.6,0.7,4456,0.6516696214675903,0.6552962298025135
TNBC_Breast_Cancer,scgpt_embeddings,logreg,8,0.7,0.8,5990,0.7526364922523499,0.7412353923205343
TNBC_Breast_Cancer,scgpt_embeddings,logreg,9,0.8,0.9,10682,0.8570664525032043,0.8607002434001123
TNBC_Breast_Cancer,scgpt_embeddings,logreg,10,0.9,1.0,402279,0.9942192435264587,0.9937630351074752
TNBC_Breast_Cancer,scgpt_embeddings,random_forest,1,0.0,0.1,0,,
TNBC_Breast_Cancer,scgpt_embeddings,random_forest,2,0.1,0.2,0,,
TNBC_Breast_Cancer,scgpt_embeddings,random_forest,3,0.2,0.3,18,0.2774074077606201,0.2777777777777778
TNBC_Breast_Cancer,scgpt_embeddings,random_forest,4,0.3,0.4,379,0.3691469132900238,0.47493403693931396
TNBC_Breast_Cancer,scgpt_embeddings,random_forest,5,0.4,0.5,3216,0.46547991037368774,0.5314054726368159
TNBC_Breast_Cancer,scgpt_embeddings,random_forest,6,0.5,0.6,10911,0.5498909950256348,0.6288149573824581
TNBC_Breast_Cancer,scgpt_embeddings,random_forest,7,0.6,0.7,14107,0.6515251994132996,0.7731622598709861
TNBC_Breast_Cancer,scgpt_embeddings,random_forest,8,0.7,0.8,22547,0.7530519366264343,0.8861489333392469
TNBC_Breast_Cancer,scgpt_embeddings,random_forest,9,0.8,0.9,47065,0.85555100440979,0.9562944863486668
TNBC_Breast_Cancer,scgpt_embeddings,random_forest,10,0.9,1.0,329570,0.9780626893043518,0.9950511272263859
TNBC_Breast_Cancer,scgpt_embeddings,xgboost,1,0.0,0.1,0,,
TNBC_Breast_Cancer,scgpt_embeddings,xgboost,2,0.1,0.2,0,,
TNBC_Breast_Cancer,scgpt_embeddings,xgboost,3,0.2,0.3,0,,
TNBC_Breast_Cancer,scgpt_embeddings,xgboost,4,0.3,0.4,50,0.37870869040489197,0.32
TNBC_Breast_Cancer,scgpt_embeddings,xgboost,5,0.4,0.5,539,0.4729352593421936,0.48237476808905383
TNBC_Breast_Cancer,scgpt_embeddings,xgboost,6,0.5,0.6,4614,0.5504288673400879,0.5437798006068487
TNBC_Breast_Cancer,scgpt_embeddings,xgboost,7,0.6,0.7,5000,0.6516879200935364,0.6372
TNBC_Breast_Cancer,scgpt_embeddings,xgboost,8,0.7,0.8,6901,0.7531453371047974,0.7313432835820896
TNBC_Breast_Cancer,scgpt_embeddings,xgboost,9,0.8,0.9,12600,0.8566729426383972,0.8408730158730159
TNBC_Breast_Cancer,scgpt_embeddings,xgboost,10,0.9,1.0,398109,0.9927352070808411,0.9923714359635175
TNBC_Breast_Cancer,matched_expression,logreg,1,0.0,0.1,0,,
TNBC_Breast_Cancer,matched_expression,logreg,2,0.1,0.2,0,,
TNBC_Breast_Cancer,matched_expression,logreg,3,0.2,0.3,1,0.2780510187149048,1.0
TNBC_Breast_Cancer,matched_expression,logreg,4,0.3,0.4,42,0.3706911504268646,0.30952380952380953
TNBC_Breast_Cancer,matched_expression,logreg,5,0.4,0.5,301,0.47158142924308777,0.53156146179402
TNBC_Breast_Cancer,matched_expression,logreg,6,0.5,0.6,2289,0.5511056184768677,0.561817387505461
TNBC_Breast_Cancer,matched_expression,logreg,7,0.6,0.7,2568,0.6505186557769775,0.6514797507788161
TNBC_Breast_Cancer,matched_expression,logreg,8,0.7,0.8,3663,0.7534134387969971,0.7573027573027573
TNBC_Breast_Cancer,matched_expression,logreg,9,0.8,0.9,6692,0.8572168350219727,0.8647638971906755
TNBC_Breast_Cancer,matched_expression,logreg,10,0.9,1.0,412257,0.9962823390960693,0.99646337114955
TNBC_Breast_Cancer,matched_expression,random_forest,1,0.0,0.1,0,,
TNBC_Breast_Cancer,matched_expression,random_forest,2,0.1,0.2,0,,
TNBC_Breast_Cancer,matched_expression,random_forest,3,0.2,0.3,22,0.26712119579315186,0.6818181818181818
TNBC_Breast_Cancer,matched_expression,random_forest,4,0.3,0.4,306,0.3672875761985779,0.5326797385620915
TNBC_Breast_Cancer,matched_expression,random_forest,5,0.4,0.5,1944,0.4629475176334381,0.5915637860082305
TNBC_Breast_Cancer,matched_expression,random_forest,6,0.5,0.6,6583,0.5502922534942627,0.6778064712137324
TNBC_Breast_Cancer,matched_expression,random_forest,7,0.6,0.7,8527,0.651251494884491,0.8325319573120675
TNBC_Breast_Cancer,matched_expression,random_forest,8,0.7,0.8,13717,0.7534732222557068,0.9303054603776336
TNBC_Breast_Cancer,matched_expression,random_forest,9,0.8,0.9,32848,0.85739666223526,0.9787810521188505
TNBC_Breast_Cancer,matched_expression,random_forest,10,0.9,1.0,363866,0.9797277450561523,0.9985818955329709
TNBC_Breast_Cancer,matched_expression,xgboost,1,0.0,0.1,0,,
TNBC_Breast_Cancer,matched_expression,xgboost,2,0.1,0.2,0,,
TNBC_Breast_Cancer,matched_expression,xgboost,3,0.2,0.3,0,,
TNBC_Breast_Cancer,matched_expression,xgboost,4,0.3,0.4,35,0.37679460644721985,0.34285714285714286
TNBC_Breast_Cancer,matched_expression,xgboost,5,0.4,0.5,302,0.47093623876571655,0.4503311258278146
TNBC_Breast_Cancer,matched_expression,xgboost,6,0.5,0.6,2121,0.5514419078826904,0.5473833097595474
TNBC_Breast_Cancer,matched_expression,xgboost,7,0.6,0.7,2272,0.6514890193939209,0.6492077464788732
TNBC_Breast_Cancer,matched_expression,xgboost,8,0.7,0.8,3166,0.7538884282112122,0.7375236891977258
TNBC_Breast_Cancer,matched_expression,xgboost,9,0.8,0.9,5904,0.8577346801757812,0.8575542005420054
TNBC_Breast_Cancer,matched_expression,xgboost,10,0.9,1.0,414013,0.9960410594940186,0.9968986481100836
TNBC_Breast_Cancer,svd512_expression,logreg,1,0.0,0.1,0,,
TNBC_Breast_Cancer,svd512_expression,logreg,2,0.1,0.2,0,,
TNBC_Breast_Cancer,svd512_expression,logreg,3,0.2,0.3,2,0.2607201337814331,0.5
TNBC_Breast_Cancer,svd512_expression,logreg,4,0.3,0.4,33,0.3752252757549286,0.3333333333333333
TNBC_Breast_Cancer,svd512_expression,logreg,5,0.4,0.5,253,0.4713388681411743,0.5335968379446641
TNBC_Breast_Cancer,svd512_expression,logreg,6,0.5,0.6,2402,0.5507678389549255,0.5545378850957535
TNBC_Breast_Cancer,svd512_expression,logreg,7,0.6,0.7,2674,0.6511105298995972,0.6383694839192221
TNBC_Breast_Cancer,svd512_expression,logreg,8,0.7,0.8,3631,0.7537252306938171,0.7551638667033875
TNBC_Breast_Cancer,svd512_expression,logreg,9,0.8,0.9,6588,0.8572983741760254,0.8495749848208864
TNBC_Breast_Cancer,svd512_expression,logreg,10,0.9,1.0,412230,0.9965622425079346,0.9961356524270432
TNBC_Breast_Cancer,svd512_expression,random_forest,1,0.0,0.1,0,,
TNBC_Breast_Cancer,svd512_expression,random_forest,2,0.1,0.2,0,,
TNBC_Breast_Cancer,svd512_expression,random_forest,3,0.2,0.3,10,0.27933332324028015,0.5
TNBC_Breast_Cancer,svd512_expression,random_forest,4,0.3,0.4,296,0.37050676345825195,0.4594594594594595
TNBC_Breast_Cancer,svd512_expression,random_forest,5,0.4,0.5,2323,0.4667395055294037,0.5161429186396901
TNBC_Breast_Cancer,svd512_expression,random_forest,6,0.5,0.6,7691,0.5495114922523499,0.6430893251852815
TNBC_Breast_Cancer,svd512_expression,random_forest,7,0.6,0.7,9090,0.6507478952407837,0.8048404840484048
TNBC_Breast_Cancer,svd512_expression,random_forest,8,0.7,0.8,13143,0.7522212266921997,0.8996423951913566
TNBC_Breast_Cancer,svd512_expression,random_forest,9,0.8,0.9,24077,0.8547379374504089,0.9576774515097396
TNBC_Breast_Cancer,svd512_expression,random_forest,10,0.9,1.0,371183,0.9888714551925659,0.9975295204791168
TNBC_Breast_Cancer,svd512_expression,xgboost,1,0.0,0.1,0,,
TNBC_Breast_Cancer,svd512_expression,xgboost,2,0.1,0.2,0,,
TNBC_Breast_Cancer,svd512_expression,xgboost,3,0.2,0.3,1,0.28521057963371277,1.0
TNBC_Breast_Cancer,svd512_expression,xgboost,4,0.3,0.4,44,0.3760867416858673,0.4772727272727273
TNBC_Breast_Cancer,svd512_expression,xgboost,5,0.4,0.5,433,0.47059375047683716,0.4457274826789838
TNBC_Breast_Cancer,svd512_expression,xgboost,6,0.5,0.6,2986,0.5501301884651184,0.5539182853315472
TNBC_Breast_Cancer,svd512_expression,xgboost,7,0.6,0.7,3438,0.6512724757194519,0.664630599185573
TNBC_Breast_Cancer,svd512_expression,xgboost,8,0.7,0.8,4671,0.7531754374504089,0.7861271676300579
TNBC_Breast_Cancer,svd512_expression,xgboost,9,0.8,0.9,8574,0.8570952415466309,0.8736878936319105
TNBC_Breast_Cancer,svd512_expression,xgboost,10,0.9,1.0,407666,0.9946984648704529,0.996668841649782
Indonesia_PBMC,scgpt_embeddings,logreg,1,0.0,0.1,0,,
Indonesia_PBMC,scgpt_embeddings,logreg,2,0.1,0.2,0,,
Indonesia_PBMC,scgpt_embeddings,logreg,3,0.2,0.3,4,0.26679718494415283,0.75
Indonesia_PBMC,scgpt_embeddings,logreg,4,0.3,0.4,226,0.3752766251564026,0.38495575221238937
Indonesia_PBMC,scgpt_embeddings,logreg,5,0.4,0.5,1546,0.4665258824825287,0.47283311772315656
Indonesia_PBMC,scgpt_embeddings,logreg,6,0.5,0.6,12883,0.5505654215812683,0.5480090041139486
Indonesia_PBMC,scgpt_embeddings,logreg,7,0.6,0.7,14406,0.6517230868339539,0.6445231153685964
Indonesia_PBMC,scgpt_embeddings,logreg,8,0.7,0.8,18805,0.7530321478843689,0.7456527519276788
Indonesia_PBMC,scgpt_embeddings,logreg,9,0.8,0.9,32334,0.8562687635421753,0.846384610626585
Indonesia_PBMC,scgpt_embeddings,logreg,10,0.9,1.0,381830,0.9852809906005859,0.9846292852840269
Indonesia_PBMC,scgpt_embeddings,random_forest,1,0.0,0.1,0,,
Indonesia_PBMC,scgpt_embeddings,random_forest,2,0.1,0.2,6,0.18777777254581451,0.16666666666666666
Indonesia_PBMC,scgpt_embeddings,random_forest,3,0.2,0.3,474,0.26962023973464966,0.36075949367088606
Indonesia_PBMC,scgpt_embeddings,random_forest,4,0.3,0.4,3866,0.3628513813018799,0.4857734092084842
Indonesia_PBMC,scgpt_embeddings,random_forest,5,0.4,0.5,15516,0.45880571007728577,0.5690255220417634
Indonesia_PBMC,scgpt_embeddings,random_forest,6,0.5,0.6,33802,0.5488852262496948,0.6542216436897225
Indonesia_PBMC,scgpt_embeddings,random_forest,7,0.6,0.7,38534,0.6496376991271973,0.7757305236933617
Indonesia_PBMC,scgpt_embeddings,random_forest,8,0.7,0.8,49440,0.7507902383804321,0.8735234627831715
Indonesia_PBMC,scgpt_embeddings,random_forest,9,0.8,0.9,72694,0.8523052334785461,0.9380554103502352
Indonesia_PBMC,scgpt_embeddings,random_forest,10,0.9,1.0,247702,0.972051739692688,0.9886920573915431
Indonesia_PBMC,scgpt_embeddings,xgboost,1,0.0,0.1,0,,
Indonesia_PBMC,scgpt_embeddings,xgboost,2,0.1,0.2,0,,
Indonesia_PBMC,scgpt_embeddings,xgboost,3,0.2,0.3,9,0.2872233986854553,0.3333333333333333
Indonesia_PBMC,scgpt_embeddings,xgboost,4,0.3,0.4,399,0.3744312524795532,0.3609022556390977
Indonesia_PBMC,scgpt_embeddings,xgboost,5,0.4,0.5,2682,0.4665120840072632,0.47017151379567484
Indonesia_PBMC,scgpt_embeddings,xgboost,6,0.5,0.6,15433,0.5505877733230591,0.5426035119549019
Indonesia_PBMC,scgpt_embeddings,xgboost,7,0.6,0.7,17071,0.651265561580658,0.6354050729307011
Indonesia_PBMC,scgpt_embeddings,xgboost,8,0.7,0.8,22635,0.7529284358024597,0.731521979235697
Indonesia_PBMC,scgpt_embeddings,xgboost,9,0.8,0.9,39395,0.8567302823066711,0.8407665947455261
Indonesia_PBMC,scgpt_embeddings,xgboost,10,0.9,1.0,364410,0.9816281795501709,0.9802118492906342
Indonesia_PBMC,matched_expression,logreg,1,0.0,0.1,0,,
Indonesia_PBMC,matched_expression,logreg,2,0.1,0.2,0,,
Indonesia_PBMC,matched_expression,logreg,3,0.2,0.3,3,0.28150084614753723,0.0
Indonesia_PBMC,matched_expression,logreg,4,0.3,0.4,125,0.37188807129859924,0.36
Indonesia_PBMC,matched_expression,logreg,5,0.4,0.5,1005,0.46769917011260986,0.44776119402985076
Indonesia_PBMC,matched_expression,logreg,6,0.5,0.6,9864,0.5499783754348755,0.542477696674777
Indonesia_PBMC,matched_expression,logreg,7,0.6,0.7,10939,0.6514952778816223,0.6312277173416218
Indonesia_PBMC,matched_expression,logreg,8,0.7,0.8,14275,0.752919614315033,0.7285464098073555
Indonesia_PBMC,matched_expression,logreg,9,0.8,0.9,24008,0.8559617400169373,0.8350133288903698
Indonesia_PBMC,matched_expression,logreg,10,0.9,1.0,401815,0.9898110628128052,0.9886788696290582
Indonesia_PBMC,matched_expression,random_forest,1,0.0,0.1,0,,
Indonesia_PBMC,matched_expression,random_forest,2,0.1,0.2,3,0.1899999976158142,0.0
Indonesia_PBMC,matched_expression,random_forest,3,0.2,0.3,158,0.2699578106403351,0.4050632911392405
Indonesia_PBMC,matched_expression,random_forest,4,0.3,0.4,1291,0.36361217498779297,0.44616576297443844
Indonesia_PBMC,matched_expression,random_forest,5,0.4,0.5,5929,0.4624950885772705,0.5496711081126665
Indonesia_PBMC,matched_expression,random_forest,6,0.5,0.6,22274,0.5489978194236755,0.6146628355930681
Indonesia_PBMC,matched_expression,random_forest,7,0.6,0.7,25052,0.6499236822128296,0.7571850550854223
Indonesia_PBMC,matched_expression,random_forest,8,0.7,0.8,32211,0.7508120536804199,0.8739250566576635
Indonesia_PBMC,matched_expression,random_forest,9,0.8,0.9,52541,0.8536174893379211,0.9459089092327896
Indonesia_PBMC,matched_expression,random_forest,10,0.9,1.0,322575,0.9794339537620544,0.9930248779353639
Indonesia_PBMC,matched_expression,xgboost,1,0.0,0.1,0,,
Indonesia_PBMC,matched_expression,xgboost,2,0.1,0.2,0,,
Indonesia_PBMC,matched_expression,xgboost,3,0.2,0.3,2,0.2798428535461426,0.5
Indonesia_PBMC,matched_expression,xgboost,4,0.3,0.4,178,0.373130202293396,0.38202247191011235
Indonesia_PBMC,matched_expression,xgboost,5,0.4,0.5,1237,0.46701958775520325,0.45917542441390463
Indonesia_PBMC,matched_expression,xgboost,6,0.5,0.6,10801,0.5501688122749329,0.5471715581890566
Indonesia_PBMC,matched_expression,xgboost,7,0.6,0.7,11644,0.6516804099082947,0.63388869804191
Indonesia_PBMC,matched_expression,xgboost,8,0.7,0.8,15358,0.7529562711715698,0.7367495767678083
Indonesia_PBMC,matched_expression,xgboost,9,0.8,0.9,26094,0.8563913702964783,0.8500804782708669
Indonesia_PBMC,matched_expression,xgboost,10,0.9,1.0,396720,0.9875324368476868,0.9898391812865497
Indonesia_PBMC,svd512_expression,logreg,1,0.0,0.1,0,,
Indonesia_PBMC,svd512_expression,logreg,2,0.1,0.2,0,,
Indonesia_PBMC,svd512_expression,logreg,3,0.2,0.3,1,0.29957911372184753,1.0
Indonesia_PBMC,svd512_expression,logreg,4,0.3,0.4,138,0.3700704574584961,0.34782608695652173
Indonesia_PBMC,svd512_expression,logreg,5,0.4,0.5,1019,0.4683244824409485,0.44259077526987245
Indonesia_PBMC,svd512_expression,logreg,6,0.5,0.6,10621,0.5500913262367249,0.5441107240372847
Indonesia_PBMC,svd512_expression,logreg,7,0.6,0.7,11889,0.6512165665626526,0.6327697871982505
Indonesia_PBMC,svd512_expression,logreg,8,0.7,0.8,14897,0.7526342868804932,0.7363227495468886
Indonesia_PBMC,svd512_expression,logreg,9,0.8,0.9,25387,0.8556989431381226,0.8407452633237483
Indonesia_PBMC,svd512_expression,logreg,10,0.9,1.0,398082,0.9894212484359741,0.988705844524495
Brain_Atlas,scgpt_embeddings,logreg,1,0.0,0.1,0,,
Brain_Atlas,scgpt_embeddings,logreg,2,0.1,0.2,0,,
Brain_Atlas,scgpt_embeddings,logreg,3,0.2,0.3,1,0.29162395000457764,0.0
Brain_Atlas,scgpt_embeddings,logreg,4,0.3,0.4,7,0.3487110733985901,0.2857142857142857
Brain_Atlas,scgpt_embeddings,logreg,5,0.4,0.5,50,0.4622247815132141,0.5
Brain_Atlas,scgpt_embeddings,logreg,6,0.5,0.6,256,0.5507916808128357,0.58984375
Brain_Atlas,scgpt_embeddings,logreg,7,0.6,0.7,349,0.6488533020019531,0.6905444126074498
Brain_Atlas,scgpt_embeddings,logreg,8,0.7,0.8,504,0.7542700171470642,0.8392857142857143
Brain_Atlas,scgpt_embeddings,logreg,9,0.8,0.9,1154,0.8594132661819458,0.9176776429809359
Brain_Atlas,scgpt_embeddings,logreg,10,0.9,1.0,73259,0.993116021156311,0.9916870282149634
Brain_Atlas,scgpt_embeddings,random_forest,1,0.0,0.1,0,,
Brain_Atlas,scgpt_embeddings,random_forest,2,0.1,0.2,0,,
Brain_Atlas,scgpt_embeddings,random_forest,3,0.2,0.3,6,0.27220210433006287,0.3333333333333333
Brain_Atlas,scgpt_embeddings,random_forest,4,0.3,0.4,79,0.3661157190799713,0.5189873417721519
Brain_Atlas,scgpt_embeddings,random_forest,5,0.4,0.5,279,0.4578322768211365,0.6093189964157706
Brain_Atlas,scgpt_embeddings,random_forest,6,0.5,0.6,624,0.553178071975708,0.7211538461538461
Brain_Atlas,scgpt_embeddings,random_forest,7,0.6,0.7,888,0.6527771949768066,0.8333333333333334
Brain_Atlas,scgpt_embeddings,random_forest,8,0.7,0.8,1667,0.7537274360656738,0.9322135572885423
Brain_Atlas,scgpt_embeddings,random_forest,9,0.8,0.9,4028,0.8574925065040588,0.9729394240317776
Brain_Atlas,scgpt_embeddings,random_forest,10,0.9,1.0,68009,0.9859552383422852,0.9924421767707216
Brain_Atlas,scgpt_embeddings,xgboost,1,0.0,0.1,0,,
Brain_Atlas,scgpt_embeddings,xgboost,2,0.1,0.2,0,,
Brain_Atlas,scgpt_embeddings,xgboost,3,0.2,0.3,0,,
Brain_Atlas,scgpt_embeddings,xgboost,4,0.3,0.4,3,0.36967310309410095,0.0
Brain_Atlas,scgpt_embeddings,xgboost,5,0.4,0.5,16,0.47044873237609863,0.625
Brain_Atlas,scgpt_embeddings,xgboost,6,0.5,0.6,136,0.5497946739196777,0.5441176470588235
Brain_Atlas,scgpt_embeddings,xgboost,7,0.6,0.7,151,0.6487277150154114,0.6026490066225165
Brain_Atlas,scgpt_embeddings,xgboost,8,0.7,0.8,232,0.7545527815818787,0.6982758620689655
Brain_Atlas,scgpt_embeddings,xgboost,9,0.8,0.9,407,0.8574533462524414,0.800982800982801
Brain_Atlas,scgpt_embeddings,xgboost,10,0.9,1.0,74635,0.9981753826141357,0.9894151537482414
Brain_Atlas,matched_expression,logreg,1,0.0,0.1,0,,
Brain_Atlas,matched_expression,logreg,2,0.1,0.2,2,0.18242155015468597,0.0
Brain_Atlas,matched_expression,logreg,3,0.2,0.3,3,0.28122326731681824,0.3333333333333333
Brain_Atlas,matched_expression,logreg,4,0.3,0.4,23,0.35898634791374207,0.34782608695652173
Brain_Atlas,matched_expression,logreg,5,0.4,0.5,88,0.46386033296585083,0.5340909090909091
Brain_Atlas,matched_expression,logreg,6,0.5,0.6,265,0.5518169403076172,0.539622641509434
Brain_Atlas,matched_expression,logreg,7,0.6,0.7,319,0.6500312685966492,0.6551724137931034
Brain_Atlas,matched_expression,logreg,8,0.7,0.8,499,0.7539983987808228,0.7915831663326653
Brain_Atlas,matched_expression,logreg,9,0.8,0.9,1093,0.8585124015808105,0.8819762122598354
Brain_Atlas,matched_expression,logreg,10,0.9,1.0,73288,0.9948750734329224,0.991362842484445
Brain_Atlas,matched_expression,random_forest,1,0.0,0.1,0,,
Brain_Atlas,matched_expression,random_forest,2,0.1,0.2,0,,
Brain_Atlas,matched_expression,random_forest,3,0.2,0.3,21,0.27222222089767456,0.2857142857142857
Brain_Atlas,matched_expression,random_forest,4,0.3,0.4,89,0.3614981472492218,0.48314606741573035
Brain_Atlas,matched_expression,random_forest,5,0.4,0.5,325,0.45704612135887146,0.6215384615384615
Brain_Atlas,matched_expression,random_forest,6,0.5,0.6,646,0.5498297214508057,0.6811145510835913
Brain_Atlas,matched_expression,random_forest,7,0.6,0.7,863,0.649791419506073,0.7925840092699884
Brain_Atlas,matched_expression,random_forest,8,0.7,0.8,1452,0.7543090581893921,0.9242424242424242
Brain_Atlas,matched_expression,random_forest,9,0.8,0.9,4104,0.8594923615455627,0.9714912280701754
Brain_Atlas,matched_expression,random_forest,10,0.9,1.0,68080,0.9841709733009338,0.9931257344300822
Brain_Atlas,matched_expression,xgboost,1,0.0,0.1,0,,
Brain_Atlas,matched_expression,xgboost,2,0.1,0.2,0,,
Brain_Atlas,matched_expression,xgboost,3,0.2,0.3,0,,
Brain_Atlas,matched_expression,xgboost,4,0.3,0.4,5,0.35940536856651306,1.0
Brain_Atlas,matched_expression,xgboost,5,0.4,0.5,26,0.46125760674476624,0.46153846153846156
Brain_Atlas,matched_expression,xgboost,6,0.5,0.6,167,0.5531823635101318,0.5209580838323353
Brain_Atlas,matched_expression,xgboost,7,0.6,0.7,190,0.6480035781860352,0.631578947368421
Brain_Atlas,matched_expression,xgboost,8,0.7,0.8,247,0.7503170371055603,0.7165991902834008
Brain_Atlas,matched_expression,xgboost,9,0.8,0.9,456,0.8562054634094238,0.7850877192982456
Brain_Atlas,matched_expression,xgboost,10,0.9,1.0,74489,0.9978510737419128,0.9908711353354187
Brain_Atlas,svd512_expression,logreg,1,0.0,0.1,0,,
Brain_Atlas,svd512_expression,logreg,2,0.1,0.2,0,,
Brain_Atlas,svd512_expression,logreg,3,0.2,0.3,6,0.2650871276855469,0.3333333333333333
Brain_Atlas,svd512_expression,logreg,4,0.3,0.4,11,0.3443508446216583,0.45454545454545453
Brain_Atlas,svd512_expression,logreg,5,0.4,0.5,83,0.4572761356830597,0.4939759036144578
Brain_Atlas,svd512_expression,logreg,6,0.5,0.6,281,0.5461497902870178,0.5124555160142349
Brain_Atlas,svd512_expression,logreg,7,0.6,0.7,339,0.6514056921005249,0.6666666666666666
Brain_Atlas,svd512_expression,logreg,8,0.7,0.8,508,0.7539109587669373,0.8051181102362205
Brain_Atlas,svd512_expression,logreg,9,0.8,0.9,1193,0.8586077690124512,0.8860016764459346
Brain_Atlas,svd512_expression,logreg,10,0.9,1.0,73159,0.9946202635765076,0.9913612815921486
Brain_Atlas,svd512_expression,random_forest,1,0.0,0.1,0,,
Brain_Atlas,svd512_expression,random_forest,2,0.1,0.2,0,,
Brain_Atlas,svd512_expression,random_forest,3,0.2,0.3,22,0.26287880539894104,0.45454545454545453
Brain_Atlas,svd512_expression,random_forest,4,0.3,0.4,107,0.35803738236427307,0.6261682242990654
Brain_Atlas,svd512_expression,random_forest,5,0.4,0.5,230,0.450855016708374,0.6565217391304348
Brain_Atlas,svd512_expression,random_forest,6,0.5,0.6,412,0.5483980774879456,0.6529126213592233
Brain_Atlas,svd512_expression,random_forest,7,0.6,0.7,527,0.6522517204284668,0.777988614800759
Brain_Atlas,svd512_expression,random_forest,8,0.7,0.8,909,0.755581259727478,0.9020902090209021
Brain_Atlas,svd512_expression,random_forest,9,0.8,0.9,2483,0.8587555289268494,0.954893274265002
Brain_Atlas,svd512_expression,random_forest,10,0.9,1.0,70890,0.9894064664840698,0.9927070108618987
Brain_Atlas,svd512_expression,xgboost,1,0.0,0.1,0,,
Brain_Atlas,svd512_expression,xgboost,2,0.1,0.2,0,,
Brain_Atlas,svd512_expression,xgboost,3,0.2,0.3,0,,
Brain_Atlas,svd512_expression,xgboost,4,0.3,0.4,3,0.38190117478370667,0.0
Brain_Atlas,svd512_expression,xgboost,5,0.4,0.5,15,0.45832711458206177,0.26666666666666666
Brain_Atlas,svd512_expression,xgboost,6,0.5,0.6,113,0.5566089153289795,0.5221238938053098
Brain_Atlas,svd512_expression,xgboost,7,0.6,0.7,121,0.6439619064331055,0.628099173553719
Brain_Atlas,svd512_expression,xgboost,8,0.7,0.8,140,0.7514393925666809,0.6714285714285714
Brain_Atlas,svd512_expression,xgboost,9,0.8,0.9,246,0.8563443422317505,0.7560975609756098
Brain_Atlas,svd512_expression,xgboost,10,0.9,1.0,74942,0.9992461800575256,0.989605294761282
