dataset,analysis_role,representation,classifier,model,selected_parameters,inner_validation_macro_f1,n_train_cells,n_test_cells,n_samples_total,n_matched_hvgs,macro_f1,accuracy,balanced_accuracy,ece_equal_width_10,ece_adaptive_10,ece_classwise_10,multiclass_brier,negative_log_likelihood
Pig_Pancreas,cross-species stress test,scgpt_embeddings,logreg,scgpt_embeddings plus logreg,"{""C"": 0.1, ""scale"": true}",0.962010726640617,17644,4412,2,1104,0.9657830112570592,0.9927470534904804,0.9686883143488372,0.0022789867274818,0.0013035523886068,0.0018530627177087,0.0113966408745877,0.0239905168415467
Pig_Pancreas,cross-species stress test,scgpt_embeddings,random_forest,scgpt_embeddings plus random_forest,"{""max_features"": 0.25, ""min_samples_leaf"": 1}",0.6238828707762314,17644,4412,2,1104,0.6128999415319858,0.943336355394379,0.5597737312015982,0.048504835540771,0.0470738896219008,0.0329502871609598,0.0901526091083587,0.1834382302649284
Pig_Pancreas,cross-species stress test,scgpt_embeddings,xgboost,scgpt_embeddings plus xgboost,"{""learning_rate"": 0.1, ""max_depth"": 6, ""n_estimators"": 300}",0.8938454080823366,17644,4412,2,1104,0.8882865314612584,0.9743880326382592,0.8253490198807338,0.0113636202145716,0.0113841760955187,0.0093422752534768,0.0401510099066555,0.0837723726776288
Pig_Pancreas,cross-species stress test,matched_expression,logreg,matched_expression plus logreg,"{""C"": 1.0, ""scale"": true}",0.9937164218670748,17644,4412,2,1104,0.9875602757442128,0.9970534904805076,0.9980485657692024,0.0019470573035621,0.0016946812815452,0.0014536015655331,0.0045460611029717,0.0122691197188385
Pig_Pancreas,cross-species stress test,matched_expression,random_forest,matched_expression plus random_forest,"{""max_features"": 0.25, ""min_samples_leaf"": 1}",0.9793248014118372,17644,4412,2,1104,0.98893681442556,0.9950135992747052,0.991733335297568,0.0051835902527712,0.0051835902527712,0.0029963735527684,0.0077481716537634,0.0166598615962304
Pig_Pancreas,cross-species stress test,matched_expression,xgboost,matched_expression plus xgboost,"{""learning_rate"": 0.1, ""max_depth"": 3, ""n_estimators"": 300}",0.9796749831835136,17644,4412,2,1104,0.9919703050169782,0.9966001813236628,0.9934096456645812,0.0023859742357433,0.0016249492117675,0.0014732213888836,0.0055358648456015,0.011317777633935
Pig_Pancreas,cross-species stress test,svd512_expression,logreg,svd512_expression plus logreg,"{""C"": 0.1, ""scale"": true}",0.9959856563391796,17644,4412,2,1104,0.9874808704088855,0.99728014505893,0.9834059608819002,0.002922821131648,0.0014130929557535,0.0017090262011893,0.0042020736785217,0.0083787625220836
Pig_Pancreas,cross-species stress test,svd512_expression,random_forest,svd512_expression plus random_forest,"{""max_features"": 0.25, ""min_samples_leaf"": 1}",0.9404375710767972,17644,4412,2,1104,0.938082904301244,0.9947869446962828,0.9114851321154276,0.010815201056733,0.0105976126688775,0.0056769417198585,0.0098911755955529,0.0253775596592545
Pig_Pancreas,cross-species stress test,svd512_expression,xgboost,svd512_expression plus xgboost,"{""learning_rate"": 0.1, ""max_depth"": 3, ""n_estimators"": 300}",0.97748954237632,17644,4412,2,1104,0.9671880927371048,0.9959202175883952,0.9566356595169424,0.0020815939539888,0.0016428846107117,0.0014442146470276,0.0059168259191963,0.0116925600136183
