fold,labels_per_class,representation,classifier,model,macro_f1,macro_f1_seed_sd,ece_equal_width_10,multiclass_brier,negative_log_likelihood
0,10,Matched HVGs,logreg,Matched HVGs plus Logistic Regression,0.8359073118842979,0.014467613930673624,0.05414313056430949,0.27806029125660203,0.5367570308095339
0,10,Matched HVGs,xgboost,Matched HVGs plus XGBoost,0.6105802496981207,0.03010123499378544,0.09581674866300365,0.5192435541623667,1.1405710315745967
0,10,scGPT embeddings,logreg,scGPT embeddings plus Logistic Regression,0.6763665080223538,0.017803082030891378,0.5485102480060456,0.8341798637016048,2.104210973742878
0,10,scGPT embeddings,xgboost,scGPT embeddings plus XGBoost,0.5781408021646343,0.03508257193505604,0.08077712881043726,0.5171400647963053,1.1802679851235687
0,25,Matched HVGs,logreg,Matched HVGs plus Logistic Regression,0.8939370365853808,0.01080636340852549,0.01466603764601138,0.17572934871390195,0.3356466300113884
0,25,Matched HVGs,xgboost,Matched HVGs plus XGBoost,0.7951018065423134,0.019834702028141776,0.0428981158725534,0.2590096386799804,0.5480578445316577
0,25,scGPT embeddings,logreg,scGPT embeddings plus Logistic Regression,0.7326991140978134,0.014677033681948448,0.5433373271886058,0.7250462640526345,1.7062260632147634
0,25,scGPT embeddings,xgboost,scGPT embeddings plus XGBoost,0.718430145923895,0.02590545904382635,0.0479370987466339,0.33434120275389895,0.722950524704298
0,50,Matched HVGs,logreg,Matched HVGs plus Logistic Regression,0.9075790784608481,0.004469535449409488,0.014378790107560342,0.15279874815882902,0.29120260878420645
0,50,Matched HVGs,xgboost,Matched HVGs plus XGBoost,0.8390908702659308,0.005938852221516027,0.01876676512329534,0.19611377258655502,0.3974871487418737
0,50,scGPT embeddings,logreg,scGPT embeddings plus Logistic Regression,0.7814524326296268,0.006497853039954376,0.4962063187104483,0.6111845170594423,1.3718613747379045
0,50,scGPT embeddings,xgboost,scGPT embeddings plus XGBoost,0.7742869367087523,0.013674091464384714,0.056691446047156056,0.28722862443423225,0.5973834609316359
0,100,Matched HVGs,logreg,Matched HVGs plus Logistic Regression,0.9130898020878739,0.004003082336266951,0.029887826034732178,0.1456146537837315,0.28652829520655476
0,100,Matched HVGs,xgboost,Matched HVGs plus XGBoost,0.8693143829981095,0.009133128529186357,0.019035690624355662,0.15935718509505914,0.3149161125574664
0,100,scGPT embeddings,logreg,scGPT embeddings plus Logistic Regression,0.8113262011830702,0.0037097766170437574,0.4300536115135672,0.49750958448713256,1.0834250975719257
0,100,scGPT embeddings,xgboost,scGPT embeddings plus XGBoost,0.8123950035015263,0.008629473029190796,0.05792897135769963,0.25050489284922234,0.5108375777956271
0,250,Matched HVGs,logreg,Matched HVGs plus Logistic Regression,0.9130295573705481,0.0017986717079723391,0.0442913087243342,0.14024559594740552,0.3092120191694109
0,250,Matched HVGs,xgboost,Matched HVGs plus XGBoost,0.8955016063444166,0.008576278596147461,0.0276986922585555,0.13521443560325624,0.2645323711899707
0,250,scGPT embeddings,logreg,scGPT embeddings plus Logistic Regression,0.8427137346305245,0.0008623517590808089,0.32173144513085117,0.3651379895972175,0.7797968767212667
0,250,scGPT embeddings,xgboost,scGPT embeddings plus XGBoost,0.8468733813768823,0.004198088125919088,0.054280890177810584,0.21216819717885635,0.4299019673379452
0,500,Matched HVGs,logreg,Matched HVGs plus Logistic Regression,0.913396219971012,0.0018449100304079307,0.04926425572462798,0.135429735555821,0.3243813117433473
0,500,Matched HVGs,xgboost,Matched HVGs plus XGBoost,0.9103642555485862,0.0023448154380061883,0.02877869390035734,0.12025571163428148,0.23490237891024957
0,500,scGPT embeddings,logreg,scGPT embeddings plus Logistic Regression,0.8599940034392322,0.0012700928952089701,0.24577344475863022,0.2892712679793234,0.614701803417238
0,500,scGPT embeddings,xgboost,scGPT embeddings plus XGBoost,0.8639235714442384,0.0027446009197911922,0.05352787252934314,0.19070199545476058,0.3846093521224808
1,10,Matched HVGs,logreg,Matched HVGs plus Logistic Regression,0.848335663382862,0.015243181984004995,0.0638531166755824,0.27272216359907336,0.5325611455518644
1,10,Matched HVGs,xgboost,Matched HVGs plus XGBoost,0.6141996336178605,0.027899143616611687,0.1074636609245974,0.4868437056349479,1.10684535449752
1,10,scGPT embeddings,logreg,scGPT embeddings plus Logistic Regression,0.6715397324695555,0.016412944385616305,0.5030561053885592,0.8346692125121707,2.1073090497406666
1,10,scGPT embeddings,xgboost,scGPT embeddings plus XGBoost,0.6288404698980115,0.028357244261900772,0.08216881608938308,0.4863370878585608,1.1124455527291415
1,25,Matched HVGs,logreg,Matched HVGs plus Logistic Regression,0.890747072245035,0.005607354284126252,0.01465606255210486,0.18703795953233956,0.35419509261525245
1,25,Matched HVGs,xgboost,Matched HVGs plus XGBoost,0.777032452485457,0.03603254736281986,0.0304660683763892,0.27563268632746835,0.5711914961401171
1,25,scGPT embeddings,logreg,scGPT embeddings plus Logistic Regression,0.7362772981814666,0.012318872525821605,0.5120419323907272,0.7246825580497287,1.7020623620671471
1,25,scGPT embeddings,xgboost,scGPT embeddings plus XGBoost,0.7243691527428099,0.020915881860661043,0.053388855622415965,0.355389051003875,0.7667861280280291
1,50,Matched HVGs,logreg,Matched HVGs plus Logistic Regression,0.8959887409116352,0.005590259569349395,0.021684996437214478,0.17766138517938468,0.335707810325107
1,50,Matched HVGs,xgboost,Matched HVGs plus XGBoost,0.8272251559892625,0.008709684459369519,0.022663492477965598,0.22105445363923631,0.4444864780117723
1,50,scGPT embeddings,logreg,scGPT embeddings plus Logistic Regression,0.7879841740501448,0.009757952514601535,0.4880102525964748,0.6140249910686336,1.3767074941095077
1,50,scGPT embeddings,xgboost,scGPT embeddings plus XGBoost,0.775290105493083,0.004751090777887764,0.05982095786320588,0.29325785716212865,0.6165518003758608
1,100,Matched HVGs,logreg,Matched HVGs plus Logistic Regression,0.9096955220040581,0.002761192860906094,0.03036084851755292,0.1485961315007991,0.2911338545029826
1,100,Matched HVGs,xgboost,Matched HVGs plus XGBoost,0.8653001830181777,0.0071603656945751284,0.02155668003069672,0.165040395648059,0.32626165006193514
1,100,scGPT embeddings,logreg,scGPT embeddings plus Logistic Regression,0.8176585578636434,0.005179101634051544,0.42158463934316154,0.4981254598594734,1.08216724210255
1,100,scGPT embeddings,xgboost,scGPT embeddings plus XGBoost,0.8164814625937158,0.0024183138862121038,0.05526877752853245,0.24940600145520095,0.5184178294675871
1,250,Matched HVGs,logreg,Matched HVGs plus Logistic Regression,0.9134439353660317,0.0023025816377080853,0.044369370086087365,0.14217846005306145,0.3072310756627711
1,250,Matched HVGs,xgboost,Matched HVGs plus XGBoost,0.8944999785875142,0.0035576037188787867,0.029405450565003138,0.1421931947829776,0.27823737948092375
1,250,scGPT embeddings,logreg,scGPT embeddings plus Logistic Regression,0.8466485099750501,0.0019801207970111356,0.31653272093116325,0.36805720269670733,0.7836854332758451
1,250,scGPT embeddings,xgboost,scGPT embeddings plus XGBoost,0.8515793304254817,0.005177681740022258,0.0581032421214849,0.21755973285077967,0.44594172059251547
1,500,Matched HVGs,logreg,Matched HVGs plus Logistic Regression,0.9119686413500354,0.004207596608770703,0.053598981156244375,0.14502965992825895,0.3514767009109051
1,500,Matched HVGs,xgboost,Matched HVGs plus XGBoost,0.9057957397054898,0.004595151210736308,0.031287101965071465,0.12874209437615095,0.2522682537031971
1,500,scGPT embeddings,logreg,scGPT embeddings plus Logistic Regression,0.8589575067220553,0.0015243373832446927,0.23832934404226944,0.2949498191109071,0.6230322781171419
1,500,scGPT embeddings,xgboost,scGPT embeddings plus XGBoost,0.8658864896820683,0.0018894023188882059,0.0584039865803387,0.2001365741892503,0.4109490737464048
2,10,Matched HVGs,logreg,Matched HVGs plus Logistic Regression,0.8684473451857636,0.008421162483470737,0.06971664641874138,0.24780147739709218,0.4875861588369467
2,10,Matched HVGs,xgboost,Matched HVGs plus XGBoost,0.6406063426939058,0.016136795885482842,0.07841495151191571,0.44821201047256415,1.0086917674875184
2,10,scGPT embeddings,logreg,scGPT embeddings plus Logistic Regression,0.6680000454543062,0.014213383748539069,0.5356102736291241,0.8350837065814648,2.109074444824162
2,10,scGPT embeddings,xgboost,scGPT embeddings plus XGBoost,0.5884771645691705,0.021414996093852754,0.07076061315116888,0.5174627585579242,1.2015970869431731
2,25,Matched HVGs,logreg,Matched HVGs plus Logistic Regression,0.8935555592241637,0.004727004198412314,0.015883976540245502,0.1888074185025736,0.3597997993393264
2,25,Matched HVGs,xgboost,Matched HVGs plus XGBoost,0.7689281496288093,0.027860447703937457,0.033945103263011936,0.28303438004395176,0.5939486474581182
2,25,scGPT embeddings,logreg,scGPT embeddings plus Logistic Regression,0.7245290370034968,0.0036463201479583194,0.5201387478061443,0.7282445330868264,1.7135461976576671
2,25,scGPT embeddings,xgboost,scGPT embeddings plus XGBoost,0.7140986642228614,0.01832339018389311,0.049767057136117336,0.35569238817567655,0.7570939477019893
2,50,Matched HVGs,logreg,Matched HVGs plus Logistic Regression,0.9059586184651639,0.002918425902688719,0.01524135093210598,0.15985960740113506,0.30380992651519656
2,50,Matched HVGs,xgboost,Matched HVGs plus XGBoost,0.8342049296769959,0.010384106164966727,0.0218684957221852,0.20645858101145703,0.4216269318960294
2,50,scGPT embeddings,logreg,scGPT embeddings plus Logistic Regression,0.7710812364251114,0.006070748438730963,0.48948821505094714,0.619089471984015,1.3883302650520322
2,50,scGPT embeddings,xgboost,scGPT embeddings plus XGBoost,0.7649523921360194,0.012157506971831038,0.053927654101535084,0.30048249852925657,0.6220818846089764
2,100,Matched HVGs,logreg,Matched HVGs plus Logistic Regression,0.910413446426188,0.00464128752631566,0.03033229667848892,0.14993589544928257,0.29776464522834023
2,100,Matched HVGs,xgboost,Matched HVGs plus XGBoost,0.8707845037414741,0.009062249182039883,0.02479770756498706,0.16904607606287497,0.3365568353827678
2,100,scGPT embeddings,logreg,scGPT embeddings plus Logistic Regression,0.8028687676648587,0.007452597130828814,0.424655011052163,0.5048359048220297,1.0983581189626996
2,100,scGPT embeddings,xgboost,scGPT embeddings plus XGBoost,0.7992022185478251,0.007913277689361063,0.054599757098707936,0.2631243888333868,0.5337116146118854
2,250,Matched HVGs,logreg,Matched HVGs plus Logistic Regression,0.9124764088725144,0.0037844396068016416,0.04411587853061168,0.14375103848955653,0.314411928473052
2,250,Matched HVGs,xgboost,Matched HVGs plus XGBoost,0.893993898888185,0.004689588292863575,0.026835082513193297,0.13832474662172087,0.2700505869197165
2,250,scGPT embeddings,logreg,scGPT embeddings plus Logistic Regression,0.8354775603678283,0.004138181072890031,0.3225411461579216,0.37279338236458487,0.7963553364521093
2,250,scGPT embeddings,xgboost,scGPT embeddings plus XGBoost,0.8367384092191912,0.004909915056602163,0.05545220190473112,0.22242708490791802,0.4499268756250368
2,500,Matched HVGs,logreg,Matched HVGs plus Logistic Regression,0.9127700893566193,0.002171156631620638,0.05024431138083866,0.14028270266341433,0.3390928928544286
2,500,Matched HVGs,xgboost,Matched HVGs plus XGBoost,0.9108778593953023,0.003959821012235403,0.02732629450218236,0.12078136832689852,0.23764109090938074
2,500,scGPT embeddings,logreg,scGPT embeddings plus Logistic Regression,0.8532985915072873,0.0013659431153376506,0.24659074278689236,0.29926787321137177,0.6323619374614743
2,500,scGPT embeddings,xgboost,scGPT embeddings plus XGBoost,0.860775150003537,0.00396653629599576,0.05258284743498446,0.19856912164561888,0.39762125288038797
3,10,Matched HVGs,logreg,Matched HVGs plus Logistic Regression,0.8615581288224841,0.02056239137911818,0.06737722126137398,0.2518589122752194,0.487738230164579
3,10,Matched HVGs,xgboost,Matched HVGs plus XGBoost,0.6736266225945026,0.04815288093020797,0.07177608893909197,0.43623060992030843,0.9812513215047041
3,10,scGPT embeddings,logreg,scGPT embeddings plus Logistic Regression,0.7015313672153605,0.014544010223401568,0.573361483644286,0.8314587611882678,2.0921727736044238
3,10,scGPT embeddings,xgboost,scGPT embeddings plus XGBoost,0.6537617568974504,0.030272540408693985,0.054876951810968,0.43371454718489766,0.9939872190962815
3,25,Matched HVGs,logreg,Matched HVGs plus Logistic Regression,0.8923215388025746,0.004947248624826762,0.0121660307174706,0.19154093639309938,0.3627569912522187
3,25,Matched HVGs,xgboost,Matched HVGs plus XGBoost,0.778062803245682,0.02023380731011185,0.02380065278368532,0.27249224588650733,0.5666087848252772
3,25,scGPT embeddings,logreg,scGPT embeddings plus Logistic Regression,0.748193743213536,0.020987325370120883,0.5239035491371257,0.7273789979717314,1.710561777612364
3,25,scGPT embeddings,xgboost,scGPT embeddings plus XGBoost,0.7516238863590446,0.017528594280772993,0.047063880847557596,0.3345602207206822,0.7160400734588868
3,50,Matched HVGs,logreg,Matched HVGs plus Logistic Regression,0.911843999831048,0.003594092348026785,0.0133996873997727,0.1525586867633683,0.2895876434940052
3,50,Matched HVGs,xgboost,Matched HVGs plus XGBoost,0.8461652123407617,0.011102246906285694,0.01830371509078892,0.1923550036793316,0.38932354963688065
3,50,scGPT embeddings,logreg,scGPT embeddings plus Logistic Regression,0.7903473974812176,0.01221148905227428,0.4931732299626235,0.6134560328373133,1.3765824317639537
3,50,scGPT embeddings,xgboost,scGPT embeddings plus XGBoost,0.7945993682460898,0.014976965372342508,0.05233661981046248,0.2802964376823563,0.5727089347901524
3,100,Matched HVGs,logreg,Matched HVGs plus Logistic Regression,0.9162810395329716,0.006419906834430656,0.028805521813787083,0.13957654142512746,0.2748710968355447
3,100,Matched HVGs,xgboost,Matched HVGs plus XGBoost,0.8796893797735628,0.012708257530235441,0.0192192313677576,0.15320447190164935,0.3034750612213896
3,100,scGPT embeddings,logreg,scGPT embeddings plus Logistic Regression,0.8281751719952597,0.0061219228811098805,0.43051000565780456,0.4915769623242784,1.0684783151002344
3,100,scGPT embeddings,xgboost,scGPT embeddings plus XGBoost,0.8334035703823629,0.003917592647942975,0.05211772671044794,0.23206600470645783,0.47262251468439187
3,250,Matched HVGs,logreg,Matched HVGs plus Logistic Regression,0.9159104221656271,0.0032137087045798008,0.04363681603943998,0.13947016115822292,0.3078004534972086
3,250,Matched HVGs,xgboost,Matched HVGs plus XGBoost,0.9000473497525586,0.0038374600773757026,0.02590867006982712,0.131457304376743,0.25850457178700126
3,250,scGPT embeddings,logreg,scGPT embeddings plus Logistic Regression,0.8579209350003507,0.0008307449086049093,0.3234930250869409,0.36055989583649667,0.7692394324084428
3,250,scGPT embeddings,xgboost,scGPT embeddings plus XGBoost,0.8632643236055285,0.0029433248382215354,0.05539964789032862,0.20748852065343742,0.41484605213946846
3,500,Matched HVGs,logreg,Matched HVGs plus Logistic Regression,0.9191547483474334,0.0028986731421672854,0.0480074448926869,0.13274056394965625,0.3213530324365899
3,500,Matched HVGs,xgboost,Matched HVGs plus XGBoost,0.9149529005128614,0.002133140845561935,0.02763864607172998,0.11646316663461007,0.22901516928302054
3,500,scGPT embeddings,logreg,scGPT embeddings plus Logistic Regression,0.8730256800839576,0.001973274402781101,0.24801512366255024,0.28263518569085366,0.6017509347799084
3,500,scGPT embeddings,xgboost,scGPT embeddings plus XGBoost,0.8784794853945617,0.004678444475016165,0.05101353135736102,0.18246984783773934,0.3680336013295154
4,10,Matched HVGs,logreg,Matched HVGs plus Logistic Regression,0.8676719091861633,0.003772116544580807,0.06748312283234342,0.2456765700841525,0.4790843502974358
4,10,Matched HVGs,xgboost,Matched HVGs plus XGBoost,0.6770954779584617,0.028304906047006785,0.08964710634158211,0.4129128197532735,0.9197312979211553
4,10,scGPT embeddings,logreg,scGPT embeddings plus Logistic Regression,0.6791481544272359,0.038574858094928305,0.525057550215183,0.8335709161704893,2.1022424952053598
4,10,scGPT embeddings,xgboost,scGPT embeddings plus XGBoost,0.6363685325075282,0.0313404598821533,0.06365046388447164,0.45865822715085125,1.019586350026469
4,25,Matched HVGs,logreg,Matched HVGs plus Logistic Regression,0.8962750364220383,0.005675878570774176,0.014366231572461039,0.1743169187632247,0.32816147075961616
4,25,Matched HVGs,xgboost,Matched HVGs plus XGBoost,0.7867699931380385,0.02109621871900068,0.04200306866165236,0.25950386215310894,0.5429451958615734
4,25,scGPT embeddings,logreg,scGPT embeddings plus Logistic Regression,0.7499031588679609,0.008383141395076454,0.5629507166224841,0.7222237782218965,1.6962094808151413
4,25,scGPT embeddings,xgboost,scGPT embeddings plus XGBoost,0.7350735353955105,0.011668589987046249,0.04402973462287428,0.330393343909604,0.7104371910476464
4,50,Matched HVGs,logreg,Matched HVGs plus Logistic Regression,0.9043833219031532,0.0035323569434654173,0.015265026598830358,0.15799364674599556,0.29943571741250896
4,50,Matched HVGs,xgboost,Matched HVGs plus XGBoost,0.8308929718817664,0.022850062674503555,0.02202179117034898,0.19934990811130113,0.3975958378900445
4,50,scGPT embeddings,logreg,scGPT embeddings plus Logistic Regression,0.7866558013071667,0.002939116897243872,0.5026535185203651,0.6114373528331801,1.372822791786125
4,50,scGPT embeddings,xgboost,scGPT embeddings plus XGBoost,0.785254672138695,0.018632576635358316,0.050841413736591644,0.27971327376775845,0.5803432357780577
4,100,Matched HVGs,logreg,Matched HVGs plus Logistic Regression,0.9140718523367669,0.0034420574796320763,0.027053385417046084,0.13938206879151468,0.2727068363250293
4,100,Matched HVGs,xgboost,Matched HVGs plus XGBoost,0.8725471070953283,0.008094523334891955,0.01756017162904612,0.15381359280470214,0.3047653082617882
4,100,scGPT embeddings,logreg,scGPT embeddings plus Logistic Regression,0.8259559307033107,0.0069421925695750146,0.44078258761952005,0.4905185264136732,1.070391754632133
4,100,scGPT embeddings,xgboost,scGPT embeddings plus XGBoost,0.8191255967073907,0.010714967504597345,0.04843572395619574,0.2313504697114448,0.4732467872253371
4,250,Matched HVGs,logreg,Matched HVGs plus Logistic Regression,0.9154642389709636,0.0005510122450696342,0.04030253787057408,0.13248000921441985,0.28733466728564083
4,250,Matched HVGs,xgboost,Matched HVGs plus XGBoost,0.9006429894861869,0.003572337601506814,0.02588458080185036,0.13038998739391017,0.2571425394453697
4,250,scGPT embeddings,logreg,scGPT embeddings plus Logistic Regression,0.856280923361431,0.002089511944168322,0.3301901947823157,0.3564885903851379,0.7663769426004381
4,250,scGPT embeddings,xgboost,scGPT embeddings plus XGBoost,0.8546273605223529,0.0034052722869983973,0.0496968395344854,0.19813941090832196,0.39901941048214046
4,500,Matched HVGs,logreg,Matched HVGs plus Logistic Regression,0.9176545451007072,0.0035771960098174497,0.04754986050225626,0.13073442411912645,0.3133073069177229
4,500,Matched HVGs,xgboost,Matched HVGs plus XGBoost,0.9111515395127487,0.0023061127022109807,0.029942983324321642,0.1189989190719796,0.23282864271555223
4,500,scGPT embeddings,logreg,scGPT embeddings plus Logistic Regression,0.870600271135803,0.001703110345273075,0.2516803646694534,0.28218184376594974,0.6023568364630304
4,500,scGPT embeddings,xgboost,scGPT embeddings plus XGBoost,0.8764551142564864,0.002559198656885569,0.0476540178417166,0.17777577231915498,0.35578654129953147
