dataset,model,representation,classifier,n_cells,n_cells_before_shared_input_qc,n_zero_input_excluded,n_train_cells,n_test_cells,n_classes,n_matched_hvgs,fit_and_predict_seconds,macro_f1,accuracy,balanced_accuracy,ece_equal_width_10,ece_adaptive_10,ece_classwise_10,multiclass_brier,negative_log_likelihood
TNBC_Breast_Cancer,scGPT embeddings plus Logistic Regression,scgpt_embeddings,logreg,427802,427823,21,342241,85561,7,1165,19.03746008872986,0.9783778788575236,0.9742055375696872,0.9736712123769484,0.0103447244329751,0.0102776350858558,0.0031262084730457,0.0400205232300903,0.0814533408424218
TNBC_Breast_Cancer,scGPT embeddings plus Random Forest,scgpt_embeddings,random_forest,427802,427823,21,342241,85561,7,1165,136.94398093223572,0.9676189362701944,0.9647853578148924,0.9522813272127826,0.0434574813390771,0.0434909077824701,0.0136716151582066,0.0605900541849432,0.1375113419864779
TNBC_Breast_Cancer,scGPT embeddings plus XGBoost,scgpt_embeddings,xgboost,427802,427823,21,342241,85561,7,1165,10.261329174041748,0.9799112509344132,0.9762742370940032,0.9748012853546646,0.0011319048262921,0.0023546732685196,0.0008863451464971,0.0363230367728278,0.0689395066071298
TNBC_Breast_Cancer,Matched HVGs plus Logistic Regression,matched_hvgs,logreg,427802,427823,21,342241,85561,7,1165,19.423930168151852,0.990895549338889,0.9889552483023808,0.9903153317024226,0.0018299248759274,0.0015670039350922,0.0007868220746913,0.017408034445938,0.0342310110231276
TNBC_Breast_Cancer,Matched HVGs plus Random Forest,matched_hvgs,random_forest,427802,427823,21,342241,85561,7,1165,79.20269131660461,0.9874626084432784,0.9864307336286392,0.9809545358792824,0.0322468014871255,0.0323169268935295,0.0102791222824389,0.0266229442777709,0.0669883743387334
TNBC_Breast_Cancer,Matched HVGs plus XGBoost,matched_hvgs,xgboost,427802,427823,21,342241,85561,7,1165,13.32165789604187,0.991562948378232,0.9904161942941292,0.989573423901392,0.0017621948571006,0.0017530138059783,0.0007370058070065,0.0150573612098428,0.0298648580555772
Indonesia_PBMC,scGPT embeddings plus Logistic Regression,scgpt_embeddings,logreg,462034,462034,0,369627,92407,13,1135,38.7074990272522,0.9286784910348248,0.9237395435410736,0.9161436085406162,0.0212875257334595,0.0212603014067136,0.0035422475597819,0.1144902416705879,0.2103938705406345
Indonesia_PBMC,scGPT embeddings plus Random Forest,scgpt_embeddings,random_forest,462034,462034,0,369627,92407,13,1135,113.73107051849364,0.9123734673124908,0.9055266375923902,0.8930276212006412,0.0737434932657807,0.0738084234093654,0.0118688394102453,0.1535606339337968,0.293295199856897
Indonesia_PBMC,scGPT embeddings plus XGBoost,scgpt_embeddings,xgboost,462034,462034,0,369627,92407,13,1135,19.55109190940857,0.935686328099008,0.9244104883829148,0.9295929886473052,0.0037781912210703,0.0041658220855343,0.0012112302946631,0.1118627173706351,0.2002105082322616
Indonesia_PBMC,Matched HVGs plus Logistic Regression,matched_hvgs,logreg,462034,462034,0,369627,92407,13,1135,306.2964708805084,0.9558070010012972,0.952665923577218,0.9566104091466994,0.0086502205811318,0.0081690293375764,0.0013748352742,0.0716303450488644,0.1333164287089399
Indonesia_PBMC,Matched HVGs plus Random Forest,matched_hvgs,random_forest,462034,462034,0,369627,92407,13,1135,156.14569640159607,0.929170760625508,0.9441925395262264,0.9031225954549176,0.1044710895684273,0.1044710895684275,0.0162303388117818,0.1090712942422864,0.2284767743500534
Indonesia_PBMC,Matched HVGs plus XGBoost,matched_hvgs,xgboost,462034,462034,0,369627,92407,13,1135,32.54169702529907,0.9551098056680792,0.9518542967524104,0.9527699479485492,0.0041108765859007,0.0047781017838337,0.0009887003711337,0.0703799714289269,0.1237073666191756
Brain_Atlas,scGPT embeddings plus Logistic Regression,scgpt_embeddings,logreg,75580,75583,3,60464,15116,10,939,4.686757564544678,0.8705202403137854,0.9840566287377612,0.8117413944988524,0.0252047185493601,0.0251296758615541,0.0055158476798795,0.0292893985115601,0.0824963188236725
Brain_Atlas,scGPT embeddings plus Random Forest,scgpt_embeddings,random_forest,75580,75583,3,60464,15116,10,939,17.817837476730347,0.892835516747648,0.985512040222281,0.8345528671845639,0.0261464670631797,0.0270726380042754,0.0056475919044612,0.0285828062950587,0.092317478083742
Brain_Atlas,scGPT embeddings plus XGBoost,scgpt_embeddings,xgboost,75580,75583,3,60464,15116,10,939,4.857772588729858,0.9313820521431164,0.9880259327864516,0.8948334521354153,0.0077652216469675,0.0077706715287624,0.0017632743011308,0.0208945501612113,0.0596977348857052
Brain_Atlas,Matched HVGs plus Logistic Regression,matched_hvgs,logreg,75580,75583,3,60464,15116,10,939,8.2281653881073,0.9452661897810845,0.9845197142101084,0.9368820921226446,0.0076316166131393,0.0075943682495232,0.00222801349944,0.0251002962818628,0.0687445473624575
Brain_Atlas,Matched HVGs plus Random Forest,matched_hvgs,random_forest,75580,75583,3,60464,15116,10,939,8.160891056060791,0.8311866838904882,0.9836596983328924,0.7751601874364233,0.0295600684292847,0.0298246886955987,0.0072779835230426,0.0293692775582667,0.0836627577662725
Brain_Atlas,Matched HVGs plus XGBoost,matched_hvgs,xgboost,75580,75583,3,60464,15116,10,939,5.374584674835205,0.9519675426251388,0.9884228631913204,0.923859682318226,0.0047544882973685,0.0047633570287331,0.0011467459681359,0.0187487992034875,0.0425875971287495
Multi_Tissue_TME,scGPT embeddings plus Logistic Regression,scgpt_embeddings,logreg,390582,391963,1381,312461,78121,11,1067,72.24438548088074,0.3213345572874949,0.4927868306857311,0.3061789631504102,0.0158017293824396,0.0167456175922016,0.0056988611241028,0.6669662693115688,1.5002654416457686
Multi_Tissue_TME,scGPT embeddings plus Random Forest,scgpt_embeddings,random_forest,390582,391963,1381,312461,78121,11,1067,75.8279480934143,0.3335365517322727,0.5000192009830904,0.3058874496279132,0.0556533571870396,0.055348902283784,0.0118338325427109,0.6600740648192865,1.56789858901974
Multi_Tissue_TME,scGPT embeddings plus XGBoost,scgpt_embeddings,xgboost,390582,391963,1381,312461,78121,11,1067,15.504524230957031,0.3652759716721773,0.5058819011533391,0.3364495430093907,0.0097987175816731,0.0100680302286003,0.0038711749107834,0.6436664608539548,1.442258917350851
Multi_Tissue_TME,Matched HVGs plus Logistic Regression,matched_hvgs,logreg,390582,391963,1381,312461,78121,11,1067,169.54865312576294,0.3574331272656875,0.5005824298204068,0.3299223153311925,0.0123340610218341,0.013447175560047,0.0065814522649179,0.6551708077672913,1.462675320186414
Multi_Tissue_TME,Matched HVGs plus Random Forest,matched_hvgs,random_forest,390582,391963,1381,312461,78121,11,1067,205.9584698677063,0.3906059445458844,0.534145748262311,0.3592164250767001,0.0241347585143267,0.0240819871715602,0.007281484554385,0.6151502584211003,1.513807072159722
Multi_Tissue_TME,Matched HVGs plus XGBoost,matched_hvgs,xgboost,390582,391963,1381,312461,78121,11,1067,16.024489879608154,0.4161540361668163,0.5322768525748518,0.3793807072717159,0.0227401650872278,0.0230294298797178,0.0067399494950714,0.6137291727778519,1.368327402618161
Human_Pancreas,scGPT embeddings plus Logistic Regression,scgpt_embeddings,logreg,26474,26474,0,21179,5295,4,1149,1.1209368705749512,0.7222394211675726,0.9773371104815864,0.7127236742310878,0.0503403825360583,0.050121355316506,0.0281606225848557,0.0441222476878514,0.1101566370729886
Human_Pancreas,scGPT embeddings plus Random Forest,scgpt_embeddings,random_forest,26474,26474,0,21179,5295,4,1149,3.807337522506714,0.7434993137066171,0.9786591123701606,0.7303198575999268,0.045394711889882,0.0453947118898821,0.0238517468379409,0.0429947874665056,0.0992539363819853
Human_Pancreas,scGPT embeddings plus XGBoost,scgpt_embeddings,xgboost,26474,26474,0,21179,5295,4,1149,2.22066330909729,0.8735552465105023,0.989423984891407,0.8428683754708143,0.0046475122054516,0.0047167862023636,0.0027377863692232,0.0162245058571739,0.0354801574083036
Human_Pancreas,Matched HVGs plus Logistic Regression,matched_hvgs,logreg,26474,26474,0,21179,5295,4,1149,0.8949253559112549,0.9829686611269268,0.9981114258734656,0.9873151321609116,0.0009004840456656,0.00090058545073,0.0007639911112923,0.0027788859901053,0.004562279265257
Human_Pancreas,Matched HVGs plus Random Forest,matched_hvgs,random_forest,26474,26474,0,21179,5295,4,1149,2.510542869567871,0.9513941270636128,0.9947119924457036,0.9189764066207416,0.0379150138511154,0.0379150138511155,0.0200646835173223,0.014521841354572,0.0515262734065581
Human_Pancreas,Matched HVGs plus XGBoost,matched_hvgs,xgboost,26474,26474,0,21179,5295,4,1149,1.9031283855438232,0.9823803395593692,0.9971671388101984,0.9961127613883428,0.0014269192543123,0.0009924516660623,0.0011497109109987,0.0045845777869045,0.0090993589931618
Pig_Pancreas,scGPT embeddings plus Logistic Regression,scgpt_embeddings,logreg,22056,22056,0,17644,4412,4,1104,0.5986940860748291,0.6013458633720048,0.9406165004533092,0.5451050554128409,0.0440444950464847,0.0436187464012923,0.0370248819522482,0.0880021103009728,0.1874726180458956
Pig_Pancreas,scGPT embeddings plus Random Forest,scgpt_embeddings,random_forest,22056,22056,0,17644,4412,4,1104,4.561443090438843,0.5961632538109766,0.9378966455122394,0.5362793253486533,0.0516330460084701,0.0510482772019284,0.0383335220795544,0.0974749546950807,0.1982850183368703
Pig_Pancreas,scGPT embeddings plus XGBoost,scgpt_embeddings,xgboost,22056,22056,0,17644,4412,4,1104,1.7557082176208496,0.864984569247063,0.972348141432457,0.7964379572706805,0.0113368840997884,0.0113648177239765,0.0096113767073246,0.042935529464478,0.0865907682013349
Pig_Pancreas,Matched HVGs plus Logistic Regression,matched_hvgs,logreg,22056,22056,0,17644,4412,4,1104,0.4407141208648681,0.993417839037721,0.9975067996373528,0.9964748018017964,0.0016964827640698,0.0013574541116901,0.0010938929861243,0.0039675969663308,0.0105567921972305
Pig_Pancreas,Matched HVGs plus Random Forest,matched_hvgs,random_forest,22056,22056,0,17644,4412,4,1104,1.3221042156219482,0.9467780291636988,0.9963735267452404,0.9120643720791932,0.0215752491303987,0.0215752491303987,0.0118234359959828,0.0105659451613523,0.0314307163331184
Pig_Pancreas,Matched HVGs plus XGBoost,matched_hvgs,xgboost,22056,22056,0,17644,4412,4,1104,1.11175274848938,0.9912254179663798,0.9961468721668176,0.9920619367697026,0.0021447025319467,0.0020097649526811,0.0015020293062189,0.0057624010601295,0.011416158623871
