dataset,model,bin,lower_edge,upper_edge,n,mean_confidence,accuracy,accuracy_wilson_low,accuracy_wilson_high
TNBC_Breast_Cancer,scGPT embeddings plus Logistic Regression,1,0.0,0.1,0,,,,
TNBC_Breast_Cancer,scGPT embeddings plus Logistic Regression,2,0.1,0.2,0,,,,
TNBC_Breast_Cancer,scGPT embeddings plus Logistic Regression,3,0.2,0.3,0,,,,
TNBC_Breast_Cancer,scGPT embeddings plus Logistic Regression,4,0.3,0.4,26,0.3751828166154715,0.34615384615384615,0.1941223032294052,0.5377942881118918
TNBC_Breast_Cancer,scGPT embeddings plus Logistic Regression,5,0.4,0.5,183,0.47057575361976206,0.45901639344262296,0.3884015168252967,0.5313165152716642
TNBC_Breast_Cancer,scGPT embeddings plus Logistic Regression,6,0.5,0.6,1108,0.5506988792858399,0.5658844765342961,0.5365224170774451,0.5947912687378502
TNBC_Breast_Cancer,scGPT embeddings plus Logistic Regression,7,0.6,0.7,1359,0.6519546865364311,0.6718175128771156,0.6463992793643512,0.6962671379048362
TNBC_Breast_Cancer,scGPT embeddings plus Logistic Regression,8,0.7,0.8,1905,0.7527534874718333,0.794750656167979,0.776029390701341,0.8122855763749731
TNBC_Breast_Cancer,scGPT embeddings plus Logistic Regression,9,0.8,0.9,3811,0.8585012733732987,0.9086853844135397,0.899123734336747,0.9174239606657498
TNBC_Breast_Cancer,scGPT embeddings plus Logistic Regression,10,0.9,1.0,77169,0.9871430321184891,0.9944926071349894,0.9939452695163118,0.9949907156997269
TNBC_Breast_Cancer,scGPT embeddings plus Random Forest,1,0.0,0.1,0,,,,
TNBC_Breast_Cancer,scGPT embeddings plus Random Forest,2,0.1,0.2,0,,,,
TNBC_Breast_Cancer,scGPT embeddings plus Random Forest,3,0.2,0.3,2,0.2849999964237213,0.0,0.0,0.6576197724933469
TNBC_Breast_Cancer,scGPT embeddings plus Random Forest,4,0.3,0.4,57,0.3654385967212811,0.47368421052631576,0.3498716798112528,0.6008198378125881
TNBC_Breast_Cancer,scGPT embeddings plus Random Forest,5,0.4,0.5,658,0.46648049884472936,0.5167173252279635,0.47854882489737394,0.5546917642298179
TNBC_Breast_Cancer,scGPT embeddings plus Random Forest,6,0.5,0.6,2149,0.5485528118391823,0.6347138203815729,0.6141321749392714,0.654814708087206
TNBC_Breast_Cancer,scGPT embeddings plus Random Forest,7,0.6,0.7,3180,0.6544858499705417,0.7723270440251573,0.7574291512972963,0.7865677852340657
TNBC_Breast_Cancer,scGPT embeddings plus Random Forest,8,0.7,0.8,4591,0.7543332424461906,0.8913090829884557,0.881976381273635,0.89998748672937
TNBC_Breast_Cancer,scGPT embeddings plus Random Forest,9,0.8,0.9,11203,0.8585939820532308,0.9630456127822905,0.959390573273107,0.9663832085835136
TNBC_Breast_Cancer,scGPT embeddings plus Random Forest,10,0.9,1.0,63721,0.9755096936098302,0.9962178873526781,0.9957104540141912,0.996665494710065
TNBC_Breast_Cancer,scGPT embeddings plus XGBoost,1,0.0,0.1,0,,,,
TNBC_Breast_Cancer,scGPT embeddings plus XGBoost,2,0.1,0.2,0,,,,
TNBC_Breast_Cancer,scGPT embeddings plus XGBoost,3,0.2,0.3,0,,,,
TNBC_Breast_Cancer,scGPT embeddings plus XGBoost,4,0.3,0.4,8,0.3814311996102333,0.25,0.071479212752109,0.5907245696898311
TNBC_Breast_Cancer,scGPT embeddings plus XGBoost,5,0.4,0.5,90,0.4729472113980187,0.4888888888888889,0.388204916198729,0.590482542147145
TNBC_Breast_Cancer,scGPT embeddings plus XGBoost,6,0.5,0.6,844,0.5508888878669784,0.5272511848341233,0.49352164508767915,0.5607337814681108
TNBC_Breast_Cancer,scGPT embeddings plus XGBoost,7,0.6,0.7,917,0.6518780043756949,0.6412213740458015,0.6096472467885266,0.6716172396429345
TNBC_Breast_Cancer,scGPT embeddings plus XGBoost,8,0.7,0.8,1312,0.7532752559225007,0.7484756097560976,0.7242953439607931,0.7712050794597813
TNBC_Breast_Cancer,scGPT embeddings plus XGBoost,9,0.8,0.9,2207,0.8568628399038293,0.8328047122791119,0.8166613135498881,0.8477915779675311
TNBC_Breast_Cancer,scGPT embeddings plus XGBoost,10,0.9,1.0,80183,0.9931936303428607,0.9931282191985833,0.9925323209747154,0.9936768694772045
TNBC_Breast_Cancer,Matched HVGs plus Logistic Regression,1,0.0,0.1,0,,,,
TNBC_Breast_Cancer,Matched HVGs plus Logistic Regression,2,0.1,0.2,0,,,,
TNBC_Breast_Cancer,Matched HVGs plus Logistic Regression,3,0.2,0.3,0,,,,
TNBC_Breast_Cancer,Matched HVGs plus Logistic Regression,4,0.3,0.4,5,0.36683610677719114,0.2,0.03622410863243014,0.6244653702374747
TNBC_Breast_Cancer,Matched HVGs plus Logistic Regression,5,0.4,0.5,32,0.463954565115273,0.4375,0.2816533111504036,0.6067440886314801
TNBC_Breast_Cancer,Matched HVGs plus Logistic Regression,6,0.5,0.6,370,0.5507378420314273,0.5756756756756757,0.5247915021361803,0.6250046177929881
TNBC_Breast_Cancer,Matched HVGs plus Logistic Regression,7,0.6,0.7,385,0.65187953091287,0.6571428571428571,0.6083859157982643,0.7027948938997997
TNBC_Breast_Cancer,Matched HVGs plus Logistic Regression,8,0.7,0.8,544,0.7539278238135225,0.7352941176470589,0.696664343903957,0.7706241313988724
TNBC_Breast_Cancer,Matched HVGs plus Logistic Regression,9,0.8,0.9,1054,0.8553698017656012,0.8121442125237192,0.7874455668142142,0.8345758093696549
TNBC_Breast_Cancer,Matched HVGs plus Logistic Regression,10,0.9,1.0,83171,0.9975465022715388,0.9964891608854047,0.9960636066571272,0.9968688540664469
TNBC_Breast_Cancer,Matched HVGs plus Random Forest,1,0.0,0.1,0,,,,
TNBC_Breast_Cancer,Matched HVGs plus Random Forest,2,0.1,0.2,0,,,,
TNBC_Breast_Cancer,Matched HVGs plus Random Forest,3,0.2,0.3,1,0.27000001072883606,1.0,0.20654931437723745,1.0
TNBC_Breast_Cancer,Matched HVGs plus Random Forest,4,0.3,0.4,29,0.3720689662571611,0.5862068965517241,0.4073783598787858,0.744868226586776
TNBC_Breast_Cancer,Matched HVGs plus Random Forest,5,0.4,0.5,277,0.4611191356870672,0.5487364620938628,0.4898671433113119,0.606272508267832
TNBC_Breast_Cancer,Matched HVGs plus Random Forest,6,0.5,0.6,1040,0.5488685432534951,0.6596153846153846,0.6302770558091502,0.6877789068032998
TNBC_Breast_Cancer,Matched HVGs plus Random Forest,7,0.6,0.7,1537,0.6531824964009559,0.8314899154196487,0.8119551640948697,0.8493717973304198
TNBC_Breast_Cancer,Matched HVGs plus Random Forest,8,0.7,0.8,2281,0.7535000771401693,0.925032880315651,0.913496891045638,0.9351396708105189
TNBC_Breast_Cancer,Matched HVGs plus Random Forest,9,0.8,0.9,6287,0.860351813129615,0.9767774773341816,0.9727532245150524,0.9802194484163437
TNBC_Breast_Cancer,Matched HVGs plus Random Forest,10,0.9,1.0,74109,0.9823315845571874,0.9987315980515187,0.9984482025866441,0.9989632924384482
TNBC_Breast_Cancer,Matched HVGs plus XGBoost,1,0.0,0.1,0,,,,
TNBC_Breast_Cancer,Matched HVGs plus XGBoost,2,0.1,0.2,0,,,,
TNBC_Breast_Cancer,Matched HVGs plus XGBoost,3,0.2,0.3,0,,,,
TNBC_Breast_Cancer,Matched HVGs plus XGBoost,4,0.3,0.4,1,0.3927699625492096,0.0,0.0,0.7934506856227626
TNBC_Breast_Cancer,Matched HVGs plus XGBoost,5,0.4,0.5,46,0.4719899562389954,0.4782608695652174,0.34124689434045685,0.6186258692719597
TNBC_Breast_Cancer,Matched HVGs plus XGBoost,6,0.5,0.6,382,0.5537053493305026,0.5706806282722513,0.5205828900159263,0.6193709660705825
TNBC_Breast_Cancer,Matched HVGs plus XGBoost,7,0.6,0.7,410,0.6510143266945351,0.6707317073170732,0.6238418785343652,0.7144519221857267
TNBC_Breast_Cancer,Matched HVGs plus XGBoost,8,0.7,0.8,582,0.7542108078183177,0.781786941580756,0.7464423392637226,0.8134360972338718
TNBC_Breast_Cancer,Matched HVGs plus XGBoost,9,0.8,0.9,1085,0.8587273813063099,0.864516129032258,0.8428614004985315,0.8835988142481761
TNBC_Breast_Cancer,Matched HVGs plus XGBoost,10,0.9,1.0,83055,0.9959641774265794,0.9973270724218891,0.9969521888657439,0.9976559533746853
Indonesia_PBMC,scGPT embeddings plus Logistic Regression,1,0.0,0.1,0,,,,
Indonesia_PBMC,scGPT embeddings plus Logistic Regression,2,0.1,0.2,0,,,,
Indonesia_PBMC,scGPT embeddings plus Logistic Regression,3,0.2,0.3,8,0.2822323963046074,0.125,0.02241749145005667,0.4708881822128535
Indonesia_PBMC,scGPT embeddings plus Logistic Regression,4,0.3,0.4,150,0.3663079130649567,0.44666666666666666,0.36942801041509465,0.5265688156508335
Indonesia_PBMC,scGPT embeddings plus Logistic Regression,5,0.4,0.5,1008,0.4666853995018062,0.48908730158730157,0.4583281590355218,0.5199293043168484
Indonesia_PBMC,scGPT embeddings plus Logistic Regression,6,0.5,0.6,4084,0.5497907048545552,0.5707639569049952,0.5555241036504545,0.5858708124250697
Indonesia_PBMC,scGPT embeddings plus Logistic Regression,7,0.6,0.7,4579,0.6507298432991843,0.6931644463856738,0.6796493852578651,0.7063556764261187
Indonesia_PBMC,scGPT embeddings plus Logistic Regression,8,0.7,0.8,6113,0.7531731894689828,0.7922460330443317,0.7818939274818267,0.8022310697171134
Indonesia_PBMC,scGPT embeddings plus Logistic Regression,9,0.8,0.9,11370,0.8566086430505586,0.8989445910290238,0.8932690911883583,0.9043506077361807
Indonesia_PBMC,scGPT embeddings plus Logistic Regression,10,0.9,1.0,65095,0.972408805813545,0.9867117290114448,0.9858029281773144,0.9875630884834048
Indonesia_PBMC,scGPT embeddings plus Random Forest,1,0.0,0.1,0,,,,
Indonesia_PBMC,scGPT embeddings plus Random Forest,2,0.1,0.2,0,,,,
Indonesia_PBMC,scGPT embeddings plus Random Forest,3,0.2,0.3,96,0.27083332976326346,0.3125,0.22850954637750145,0.410918799069127
Indonesia_PBMC,scGPT embeddings plus Random Forest,4,0.3,0.4,911,0.36222283242824443,0.4643249176728869,0.4321569362628399,0.4967925015077326
Indonesia_PBMC,scGPT embeddings plus Random Forest,5,0.4,0.5,3540,0.45744915389913626,0.5658192090395481,0.549429023675775,0.5820667007845043
Indonesia_PBMC,scGPT embeddings plus Random Forest,6,0.5,0.6,7593,0.5477624093137615,0.6679836691689715,0.6573084277964983,0.6784890235295437
Indonesia_PBMC,scGPT embeddings plus Random Forest,7,0.6,0.7,9011,0.6515142617592363,0.8005770724669848,0.7921998137045662,0.8086981637856162
Indonesia_PBMC,scGPT embeddings plus Random Forest,8,0.7,0.8,10575,0.7521990545703446,0.8946572104018913,0.8886620920843115,0.9003657076508126
Indonesia_PBMC,scGPT embeddings plus Random Forest,9,0.8,0.9,16828,0.8544093153915638,0.9499049203708105,0.9465051521596898,0.9530993288500137
Indonesia_PBMC,scGPT embeddings plus Random Forest,10,0.9,1.0,43853,0.9697117680299377,0.9916995416505142,0.9908062589123355,0.9925066876091814
Indonesia_PBMC,scGPT embeddings plus XGBoost,1,0.0,0.1,0,,,,
Indonesia_PBMC,scGPT embeddings plus XGBoost,2,0.1,0.2,0,,,,
Indonesia_PBMC,scGPT embeddings plus XGBoost,3,0.2,0.3,2,0.2976568937301636,0.0,0.0,0.6576197724933469
Indonesia_PBMC,scGPT embeddings plus XGBoost,4,0.3,0.4,66,0.3715654738021619,0.3484848484848485,0.2447587406192953,0.4688783978696565
Indonesia_PBMC,scGPT embeddings plus XGBoost,5,0.4,0.5,523,0.46530918734251425,0.48565965583174,0.4430865452343133,0.5284418913591608
Indonesia_PBMC,scGPT embeddings plus XGBoost,6,0.5,0.6,3162,0.5502106055362853,0.538899430740038,0.5214879488096535,0.5562165108734405
Indonesia_PBMC,scGPT embeddings plus XGBoost,7,0.6,0.7,3545,0.6509804584916119,0.6242595204513399,0.6081902068592062,0.640059823530363
Indonesia_PBMC,scGPT embeddings plus XGBoost,8,0.7,0.8,4590,0.7528242252880711,0.7372549019607844,0.7243276599406734,0.7497853497318729
Indonesia_PBMC,scGPT embeddings plus XGBoost,9,0.8,0.9,8220,0.8559273814632945,0.84330900243309,0.8352905562604418,0.8510067207798861
Indonesia_PBMC,scGPT embeddings plus XGBoost,10,0.9,1.0,72299,0.9803912706618424,0.980815778918104,0.9797900536860843,0.9817904125476974
Indonesia_PBMC,Matched HVGs plus Logistic Regression,1,0.0,0.1,0,,,,
Indonesia_PBMC,Matched HVGs plus Logistic Regression,2,0.1,0.2,0,,,,
Indonesia_PBMC,Matched HVGs plus Logistic Regression,3,0.2,0.3,0,,,,
Indonesia_PBMC,Matched HVGs plus Logistic Regression,4,0.3,0.4,12,0.38535548001527786,0.3333333333333333,0.13812009109121315,0.6093779111272004
Indonesia_PBMC,Matched HVGs plus Logistic Regression,5,0.4,0.5,150,0.46610718925793965,0.42,0.3439800445299174,0.5000151945689748
Indonesia_PBMC,Matched HVGs plus Logistic Regression,6,0.5,0.6,1936,0.5510161589554026,0.5625,0.5403001448908381,0.584452318203296
Indonesia_PBMC,Matched HVGs plus Logistic Regression,7,0.6,0.7,1969,0.6516546607017517,0.6246825799898426,0.6030720371328484,0.6458075663470506
Indonesia_PBMC,Matched HVGs plus Logistic Regression,8,0.7,0.8,2506,0.7528433755741819,0.7130885873902634,0.6950636213032765,0.7304612644406318
Indonesia_PBMC,Matched HVGs plus Logistic Regression,9,0.8,0.9,4393,0.8560763768853453,0.8188026405645344,0.8071354331370854,0.8299127811852193
Indonesia_PBMC,Matched HVGs plus Logistic Regression,10,0.9,1.0,81441,0.9910989688028894,0.985535541066539,0.9846923398433208,0.9863329403763742
Indonesia_PBMC,Matched HVGs plus Random Forest,1,0.0,0.1,0,,,,
Indonesia_PBMC,Matched HVGs plus Random Forest,2,0.1,0.2,1,0.1850000023841858,1.0,0.20654931437723745,1.0
Indonesia_PBMC,Matched HVGs plus Random Forest,3,0.2,0.3,45,0.26744444105360243,0.4444444444444444,0.30938930034997586,0.5882386550647896
Indonesia_PBMC,Matched HVGs plus Random Forest,4,0.3,0.4,480,0.36269791685044767,0.49166666666666664,0.4471870347987442,0.536278623519377
Indonesia_PBMC,Matched HVGs plus Random Forest,5,0.4,0.5,2232,0.4617988370011784,0.5810931899641577,0.5605026392429417,0.6014050839419296
Indonesia_PBMC,Matched HVGs plus Random Forest,6,0.5,0.6,6628,0.5480039189235231,0.6849728424864212,0.6736851872888606,0.6960462086175828
Indonesia_PBMC,Matched HVGs plus Random Forest,7,0.6,0.7,8686,0.6526991726203144,0.869445084043288,0.8621961884805158,0.8763673434795933
Indonesia_PBMC,Matched HVGs plus Random Forest,8,0.7,0.8,11019,0.7527366368672583,0.9571648969960976,0.9532221946282751,0.96078895554914
Indonesia_PBMC,Matched HVGs plus Random Forest,9,0.8,0.9,19846,0.8552846898928557,0.9893681346367026,0.987843521832479,0.9907033366044449
Indonesia_PBMC,Matched HVGs plus Random Forest,10,0.9,1.0,43470,0.9617941152550364,0.9988957902001381,0.9985364186821605,0.9991669943250553
Indonesia_PBMC,Matched HVGs plus XGBoost,1,0.0,0.1,0,,,,
Indonesia_PBMC,Matched HVGs plus XGBoost,2,0.1,0.2,0,,,,
Indonesia_PBMC,Matched HVGs plus XGBoost,3,0.2,0.3,0,,,,
Indonesia_PBMC,Matched HVGs plus XGBoost,4,0.3,0.4,36,0.3733908649947908,0.3611111111111111,0.22475592946515371,0.5242492451444196
Indonesia_PBMC,Matched HVGs plus XGBoost,5,0.4,0.5,246,0.4673270902982572,0.45528455284552843,0.3942175153683261,0.5177266427235904
Indonesia_PBMC,Matched HVGs plus XGBoost,6,0.5,0.6,2156,0.5511333744744865,0.5477736549165121,0.5266983580626715,0.5686790128821751
Indonesia_PBMC,Matched HVGs plus XGBoost,7,0.6,0.7,2350,0.6524363249920784,0.6251063829787235,0.6053446736582114,0.6444597461749731
Indonesia_PBMC,Matched HVGs plus XGBoost,8,0.7,0.8,3003,0.7535259629185105,0.7335997335997336,0.7174972869844874,0.7491052988898831
Indonesia_PBMC,Matched HVGs plus XGBoost,9,0.8,0.9,5229,0.8568347929471947,0.8445209409064831,0.8344468269694383,0.8540892252602035
Indonesia_PBMC,Matched HVGs plus XGBoost,10,0.9,1.0,79387,0.9873559554951504,0.9896330633479034,0.9889044016968467,0.9903143415674323
Brain_Atlas,scGPT embeddings plus Logistic Regression,1,0.0,0.1,0,,,,
Brain_Atlas,scGPT embeddings plus Logistic Regression,2,0.1,0.2,0,,,,
Brain_Atlas,scGPT embeddings plus Logistic Regression,3,0.2,0.3,5,0.2678548991680145,0.4,0.11762077423264783,0.769275718723987
Brain_Atlas,scGPT embeddings plus Logistic Regression,4,0.3,0.4,11,0.3571848652579568,1.0,0.7411670330319684,1.0
Brain_Atlas,scGPT embeddings plus Logistic Regression,5,0.4,0.5,40,0.4641793206334114,0.45,0.3070530781090492,0.6017090820106794
Brain_Atlas,scGPT embeddings plus Logistic Regression,6,0.5,0.6,93,0.5497736264300602,0.5591397849462365,0.4578815660386337,0.6557061487062148
Brain_Atlas,scGPT embeddings plus Logistic Regression,7,0.6,0.7,127,0.6506807574136989,0.7952755905511811,0.716926658497512,0.8562861493998719
Brain_Atlas,scGPT embeddings plus Logistic Regression,8,0.7,0.8,250,0.758449588060379,0.888,0.8428908673839414,0.9213656922075936
Brain_Atlas,scGPT embeddings plus Logistic Regression,9,0.8,0.9,764,0.8633642460351215,0.9489528795811518,0.9309780517240045,0.9624355457308762
Brain_Atlas,scGPT embeddings plus Logistic Regression,10,0.9,1.0,13826,0.9755761791643041,0.9940691450889628,0.9926448770235425,0.9952189419999471
Brain_Atlas,scGPT embeddings plus Random Forest,1,0.0,0.1,0,,,,
Brain_Atlas,scGPT embeddings plus Random Forest,2,0.1,0.2,0,,,,
Brain_Atlas,scGPT embeddings plus Random Forest,3,0.2,0.3,3,0.28166666626930237,0.3333333333333333,0.06149194472039621,0.7923403991979522
Brain_Atlas,scGPT embeddings plus Random Forest,4,0.3,0.4,12,0.3724999949336052,0.4166666666666667,0.19326031365875665,0.6804886874504503
Brain_Atlas,scGPT embeddings plus Random Forest,5,0.4,0.5,56,0.4561607156481062,0.5357142857142857,0.40704181935661177,0.6598014708777623
Brain_Atlas,scGPT embeddings plus Random Forest,6,0.5,0.6,132,0.5485227238951307,0.7651515151515151,0.6859748045488461,0.8293317933609827
Brain_Atlas,scGPT embeddings plus Random Forest,7,0.6,0.7,205,0.6561951227304412,0.8390243902439024,0.7825564045769856,0.8830202523996437
Brain_Atlas,scGPT embeddings plus Random Forest,8,0.7,0.8,333,0.7553303300797403,0.9069069069069069,0.8708917736626118,0.9336410203372427
Brain_Atlas,scGPT embeddings plus Random Forest,9,0.8,0.9,1012,0.8620750950612569,0.9683794466403162,0.9557026980152503,0.9775137913969336
Brain_Atlas,scGPT embeddings plus Random Forest,10,0.9,1.0,13363,0.9833151283605294,0.9957344907580633,0.9944780567639084,0.996705989281395
Brain_Atlas,scGPT embeddings plus XGBoost,1,0.0,0.1,0,,,,
Brain_Atlas,scGPT embeddings plus XGBoost,2,0.1,0.2,0,,,,
Brain_Atlas,scGPT embeddings plus XGBoost,3,0.2,0.3,0,,,,
Brain_Atlas,scGPT embeddings plus XGBoost,4,0.3,0.4,0,,,,
Brain_Atlas,scGPT embeddings plus XGBoost,5,0.4,0.5,3,0.4833410978317261,0.0,5.551115123125783e-17,0.5614970317550454
Brain_Atlas,scGPT embeddings plus XGBoost,6,0.5,0.6,21,0.5420608634040469,0.42857142857142855,0.2446996892537596,0.6345344563069328
Brain_Atlas,scGPT embeddings plus XGBoost,7,0.6,0.7,37,0.6569885627643482,0.6216216216216216,0.46100430439217654,0.7593600082420173
Brain_Atlas,scGPT embeddings plus XGBoost,8,0.7,0.8,41,0.7572547386332256,0.6585365853658537,0.5054983651982969,0.7844119174261515
Brain_Atlas,scGPT embeddings plus XGBoost,9,0.8,0.9,80,0.8540219441056252,0.6875,0.5793222425531256,0.7784959588710517
Brain_Atlas,scGPT embeddings plus XGBoost,10,0.9,1.0,14934,0.9987858562436276,0.9924333735101112,0.9909113280340262,0.9937021477847995
Brain_Atlas,Matched HVGs plus Logistic Regression,1,0.0,0.1,0,,,,
Brain_Atlas,Matched HVGs plus Logistic Regression,2,0.1,0.2,0,,,,
Brain_Atlas,Matched HVGs plus Logistic Regression,3,0.2,0.3,0,,,,
Brain_Atlas,Matched HVGs plus Logistic Regression,4,0.3,0.4,0,,,,
Brain_Atlas,Matched HVGs plus Logistic Regression,5,0.4,0.5,6,0.4530794868866603,0.5,0.1876163064826506,0.8123836935173494
Brain_Atlas,Matched HVGs plus Logistic Regression,6,0.5,0.6,59,0.5516537488517115,0.4576271186440678,0.3370130585185591,0.5834216338989654
Brain_Atlas,Matched HVGs plus Logistic Regression,7,0.6,0.7,63,0.6619149692474849,0.6031746031746031,0.47980918511657444,0.7146808848095354
Brain_Atlas,Matched HVGs plus Logistic Regression,8,0.7,0.8,101,0.750637139424239,0.6534653465346535,0.5565798302066218,0.7391047238686699
Brain_Atlas,Matched HVGs plus Logistic Regression,9,0.8,0.9,133,0.8556745536345288,0.8345864661654135,0.7622362392369156,0.8881514485808409
Brain_Atlas,Matched HVGs plus Logistic Regression,10,0.9,1.0,14754,0.9983876065395382,0.9920699471329809,0.9905051202505097,0.9933786028885176
Brain_Atlas,Matched HVGs plus Random Forest,1,0.0,0.1,0,,,,
Brain_Atlas,Matched HVGs plus Random Forest,2,0.1,0.2,0,,,,
Brain_Atlas,Matched HVGs plus Random Forest,3,0.2,0.3,1,0.25,1.0,0.20654931437723745,1.0
Brain_Atlas,Matched HVGs plus Random Forest,4,0.3,0.4,21,0.3473809545948392,0.42857142857142855,0.2446996892537596,0.6345344563069328
Brain_Atlas,Matched HVGs plus Random Forest,5,0.4,0.5,76,0.4580263173893878,0.6052631578947368,0.49286296638958565,0.7075341735967013
Brain_Atlas,Matched HVGs plus Random Forest,6,0.5,0.6,136,0.5478676443590837,0.625,0.5412537518929232,0.7018787231736812
Brain_Atlas,Matched HVGs plus Random Forest,7,0.6,0.7,169,0.6519230794624464,0.7751479289940828,0.7064936482445562,0.8315717015537135
Brain_Atlas,Matched HVGs plus Random Forest,8,0.7,0.8,342,0.755146199673937,0.8918128654970761,0.8544361040303322,0.9204854479254961
Brain_Atlas,Matched HVGs plus Random Forest,9,0.8,0.9,1029,0.8638386744915338,0.9650145772594753,0.9519465866000566,0.9746235000545879
Brain_Atlas,Matched HVGs plus Random Forest,10,0.9,1.0,13342,0.9779628289860954,0.9967770948883226,0.9956619218592387,0.9976062838887535
Brain_Atlas,Matched HVGs plus XGBoost,1,0.0,0.1,0,,,,
Brain_Atlas,Matched HVGs plus XGBoost,2,0.1,0.2,0,,,,
Brain_Atlas,Matched HVGs plus XGBoost,3,0.2,0.3,0,,,,
Brain_Atlas,Matched HVGs plus XGBoost,4,0.3,0.4,2,0.3921442925930023,0.5,0.09453120573423074,0.9054687942657693
Brain_Atlas,Matched HVGs plus XGBoost,5,0.4,0.5,6,0.4668157448371251,0.16666666666666666,0.030053369748306635,0.5635028221864702
Brain_Atlas,Matched HVGs plus XGBoost,6,0.5,0.6,38,0.5500866268810473,0.5526315789473685,0.3970629712199248,0.6985359900194876
Brain_Atlas,Matched HVGs plus XGBoost,7,0.6,0.7,44,0.6503385522148826,0.4318181818181818,0.2968272340851781,0.5777585300637057
Brain_Atlas,Matched HVGs plus XGBoost,8,0.7,0.8,56,0.7467623289142337,0.6785714285714286,0.5482263990973855,0.7859900520744849
Brain_Atlas,Matched HVGs plus XGBoost,9,0.8,0.9,95,0.8581136019606339,0.8,0.7086265584527134,0.8680545294236028
Brain_Atlas,Matched HVGs plus XGBoost,10,0.9,1.0,14875,0.9973647814398052,0.9939495798319328,0.9925694829293346,0.9950746183046559
Multi_Tissue_TME,scGPT embeddings plus Logistic Regression,1,0.0,0.1,0,,,,
Multi_Tissue_TME,scGPT embeddings plus Logistic Regression,2,0.1,0.2,71,0.19124966209203426,0.15492957746478872,0.08877304270169767,0.25650962853277587
Multi_Tissue_TME,scGPT embeddings plus Logistic Regression,3,0.2,0.3,8026,0.2682895447911243,0.2701221031647147,0.26051965267020927,0.2799444998384839
Multi_Tissue_TME,scGPT embeddings plus Logistic Regression,4,0.3,0.4,19383,0.3510334915447634,0.3538667904865088,0.3471647476167098,0.36062674528671423
Multi_Tissue_TME,scGPT embeddings plus Logistic Regression,5,0.4,0.5,18763,0.4492776688085667,0.45802909982412193,0.45090936861500497,0.46516601341153585
Multi_Tissue_TME,scGPT embeddings plus Logistic Regression,6,0.5,0.6,15977,0.5473946739311563,0.5738248732553045,0.5661399913028818,0.5814742633080942
Multi_Tissue_TME,scGPT embeddings plus Logistic Regression,7,0.6,0.7,9681,0.6440414696448524,0.6871190992666046,0.67781020877221,0.6962795494757443
Multi_Tissue_TME,scGPT embeddings plus Logistic Regression,8,0.7,0.8,3924,0.7410530449630774,0.768348623853211,0.7548898330508989,0.7812825206653102
Multi_Tissue_TME,scGPT embeddings plus Logistic Regression,9,0.8,0.9,1821,0.8468132856322932,0.8610653487095002,0.8444177411702579,0.8761928048274313
Multi_Tissue_TME,scGPT embeddings plus Logistic Regression,10,0.9,1.0,475,0.9185927655822352,0.9726315789473684,0.95374265378454,0.9839372227779685
Multi_Tissue_TME,scGPT embeddings plus Random Forest,1,0.0,0.1,0,,,,
Multi_Tissue_TME,scGPT embeddings plus Random Forest,2,0.1,0.2,216,0.18985647859948654,0.1574074074074074,0.11488205796571119,0.21190552434963847
Multi_Tissue_TME,scGPT embeddings plus Random Forest,3,0.2,0.3,16691,0.26032525090733166,0.2987238631597867,0.29182719365266174,0.3057131593615907
Multi_Tissue_TME,scGPT embeddings plus Random Forest,4,0.3,0.4,20966,0.34496932973345873,0.4054182962892302,0.398790401566698,0.4120808437983092
Multi_Tissue_TME,scGPT embeddings plus Random Forest,5,0.4,0.5,15738,0.4452455209979776,0.5174100902274749,0.5095998703036663,0.52521181303297
Multi_Tissue_TME,scGPT embeddings plus Random Forest,6,0.5,0.6,10273,0.5435392445927526,0.6088776404166261,0.5994019045509988,0.6182719798777587
Multi_Tissue_TME,scGPT embeddings plus Random Forest,7,0.6,0.7,6636,0.6458657082841653,0.7034358047016275,0.6923314458903114,0.7143047692580466
Multi_Tissue_TME,scGPT embeddings plus Random Forest,8,0.7,0.8,3622,0.7462594201227765,0.7923799006073993,0.7788643366668502,0.8052759309246844
Multi_Tissue_TME,scGPT embeddings plus Random Forest,9,0.8,0.9,2349,0.8475995530418357,0.8765432098765432,0.8626220515127885,0.8892348121820011
Multi_Tissue_TME,scGPT embeddings plus Random Forest,10,0.9,1.0,1630,0.9499283225989781,0.949079754601227,0.9373121490406188,0.958735623585199
Multi_Tissue_TME,scGPT embeddings plus XGBoost,1,0.0,0.1,0,,,,
Multi_Tissue_TME,scGPT embeddings plus XGBoost,2,0.1,0.2,38,0.19358517033489128,0.15789473684210525,0.07443863415158927,0.3041681177922313
Multi_Tissue_TME,scGPT embeddings plus XGBoost,3,0.2,0.3,8160,0.2677130420363563,0.26544117647058824,0.25597239481601936,0.2751306993206258
Multi_Tissue_TME,scGPT embeddings plus XGBoost,4,0.3,0.4,18247,0.3508597281316656,0.3408231490107963,0.33397999649357774,0.3477333089939076
Multi_Tissue_TME,scGPT embeddings plus XGBoost,5,0.4,0.5,17419,0.4486979603035126,0.45427406854584074,0.44689090244154556,0.46167739832815974
Multi_Tissue_TME,scGPT embeddings plus XGBoost,6,0.5,0.6,13434,0.5471479894993506,0.5557540568706267,0.547336998836995,0.5641392382201628
Multi_Tissue_TME,scGPT embeddings plus XGBoost,7,0.6,0.7,9465,0.6468490297241433,0.6626518753301638,0.6530624897738807,0.6721092868780306
Multi_Tissue_TME,scGPT embeddings plus XGBoost,8,0.7,0.8,6095,0.7451993372618321,0.7584905660377359,0.7475849772405475,0.7690705254931299
Multi_Tissue_TME,scGPT embeddings plus XGBoost,9,0.8,0.9,2520,0.8449765055425583,0.8587301587301587,0.8445847245225604,0.8717835694053859
Multi_Tissue_TME,scGPT embeddings plus XGBoost,10,0.9,1.0,2743,0.9502492952729245,0.981042654028436,0.9752258085834143,0.9855140228056919
Multi_Tissue_TME,Matched HVGs plus Logistic Regression,1,0.0,0.1,0,,,,
Multi_Tissue_TME,Matched HVGs plus Logistic Regression,2,0.1,0.2,31,0.191930694445487,0.16129032258064516,0.070926244433653,0.3263435395879326
Multi_Tissue_TME,Matched HVGs plus Logistic Regression,3,0.2,0.3,6473,0.26908749254256664,0.2530511354858644,0.24260853818673242,0.26378666689489544
Multi_Tissue_TME,Matched HVGs plus Logistic Regression,4,0.3,0.4,17904,0.3525163409474095,0.3436662198391421,0.3367437114343755,0.3506557993959683
Multi_Tissue_TME,Matched HVGs plus Logistic Regression,5,0.4,0.5,17815,0.44854641619472735,0.45315745158574233,0.4458584402980594,0.460476659890297
Multi_Tissue_TME,Matched HVGs plus Logistic Regression,6,0.5,0.6,15371,0.5482370108744091,0.559820441090365,0.5519588702880266,0.5676521191927754
Multi_Tissue_TME,Matched HVGs plus Logistic Regression,7,0.6,0.7,10063,0.6445023931957531,0.6319189108615721,0.6224472870313112,0.6412898554339311
Multi_Tissue_TME,Matched HVGs plus Logistic Regression,8,0.7,0.8,4960,0.7444056396042147,0.7205645161290323,0.7079097320997233,0.7328779155621389
Multi_Tissue_TME,Matched HVGs plus Logistic Regression,9,0.8,0.9,3196,0.8492664679866261,0.8053817271589487,0.7912926634429489,0.8187375599667486
Multi_Tissue_TME,Matched HVGs plus Logistic Regression,10,0.9,1.0,2308,0.9445466831507261,0.9207105719237435,0.9089755093827399,0.9310474915849147
Multi_Tissue_TME,Matched HVGs plus Random Forest,1,0.0,0.1,0,,,,
Multi_Tissue_TME,Matched HVGs plus Random Forest,2,0.1,0.2,30,0.18966666410366695,0.1,0.03459988874733419,0.25621082579184085
Multi_Tissue_TME,Matched HVGs plus Random Forest,3,0.2,0.3,8576,0.2642046054703559,0.26644123134328357,0.25719058795025296,0.27590101761997077
Multi_Tissue_TME,Matched HVGs plus Random Forest,4,0.3,0.4,16338,0.34762338416012223,0.3476557718202962,0.3403900182697844,0.3549931481534176
Multi_Tissue_TME,Matched HVGs plus Random Forest,5,0.4,0.5,15688,0.4471682586870073,0.4708057113717491,0.46300306118336526,0.47862265544117405
Multi_Tissue_TME,Matched HVGs plus Random Forest,6,0.5,0.6,13712,0.5455247342430029,0.5891190198366394,0.5808602961558065,0.5973278235696702
Multi_Tissue_TME,Matched HVGs plus Random Forest,7,0.6,0.7,11105,0.647335248930612,0.6942818550202612,0.6856471431400072,0.7027822008195094
Multi_Tissue_TME,Matched HVGs plus Random Forest,8,0.7,0.8,6534,0.7459598594497094,0.7805325987144169,0.7703338590490167,0.7904016716442097
Multi_Tissue_TME,Matched HVGs plus Random Forest,9,0.8,0.9,4081,0.8451253416578549,0.8750306297476109,0.8645309735876906,0.8848249147271817
Multi_Tissue_TME,Matched HVGs plus Random Forest,10,0.9,1.0,2057,0.9442673977219949,0.9309674282936315,0.9191895446345218,0.9411386443250455
Multi_Tissue_TME,Matched HVGs plus XGBoost,1,0.0,0.1,0,,,,
Multi_Tissue_TME,Matched HVGs plus XGBoost,2,0.1,0.2,17,0.19357480459353504,0.17647058823529413,0.06191126637620997,0.41029458568834126
Multi_Tissue_TME,Matched HVGs plus XGBoost,3,0.2,0.3,7545,0.26976452511497645,0.2662690523525514,0.25641633031145794,0.2763596566741001
Multi_Tissue_TME,Matched HVGs plus XGBoost,4,0.3,0.4,18110,0.34923212738540016,0.3451684152401988,0.33827771369277126,0.35212478802123515
Multi_Tissue_TME,Matched HVGs plus XGBoost,5,0.4,0.5,15061,0.4500576323598878,0.45720735674921986,0.4492632757253675,0.4651732615907772
Multi_Tissue_TME,Matched HVGs plus XGBoost,6,0.5,0.6,14620,0.5492048781604676,0.5789329685362518,0.5709100493016076,0.5869144188108991
Multi_Tissue_TME,Matched HVGs plus XGBoost,7,0.6,0.7,10950,0.6452602887208059,0.6967123287671233,0.688034734621596,0.705251950802442
Multi_Tissue_TME,Matched HVGs plus XGBoost,8,0.7,0.8,5417,0.7436358868162505,0.7925050766106702,0.7815008822259099,0.803094705760428
Multi_Tissue_TME,Matched HVGs plus XGBoost,9,0.8,0.9,3214,0.846127738623272,0.9051026757934039,0.8944814349030307,0.9147566936138226
Multi_Tissue_TME,Matched HVGs plus XGBoost,10,0.9,1.0,3187,0.9481486879922695,0.9846250392218387,0.9797327990459291,0.9883503977737794
Human_Pancreas,scGPT embeddings plus Logistic Regression,1,0.0,0.1,0,,,,
Human_Pancreas,scGPT embeddings plus Logistic Regression,2,0.1,0.2,0,,,,
Human_Pancreas,scGPT embeddings plus Logistic Regression,3,0.2,0.3,0,,,,
Human_Pancreas,scGPT embeddings plus Logistic Regression,4,0.3,0.4,7,0.36855351499148775,0.2857142857142857,0.08221892400405678,0.6410655481673808
Human_Pancreas,scGPT embeddings plus Logistic Regression,5,0.4,0.5,52,0.4638321233483461,0.5576923076923077,0.42339761787202884,0.6840494318059871
Human_Pancreas,scGPT embeddings plus Logistic Regression,6,0.5,0.6,114,0.5535073233278174,0.6578947368421053,0.5669372233352975,0.7385579764040159
Human_Pancreas,scGPT embeddings plus Logistic Regression,7,0.6,0.7,145,0.6506107248108962,0.8620689655172413,0.7965444414169767,0.908904167001267
Human_Pancreas,scGPT embeddings plus Logistic Regression,8,0.7,0.8,234,0.7533741453264513,0.9188034188034188,0.8766738771407516,0.9474044856974198
Human_Pancreas,scGPT embeddings plus Logistic Regression,9,0.8,0.9,477,0.8603170312925454,0.9748427672955975,0.9565469307518037,0.9855515337005383
Human_Pancreas,scGPT embeddings plus Logistic Regression,10,0.9,1.0,4266,0.9701849774078086,0.9995311767463666,0.9982921022578607,0.9998714223375326
Human_Pancreas,scGPT embeddings plus Random Forest,1,0.0,0.1,0,,,,
Human_Pancreas,scGPT embeddings plus Random Forest,2,0.1,0.2,0,,,,
Human_Pancreas,scGPT embeddings plus Random Forest,3,0.2,0.3,0,,,,
Human_Pancreas,scGPT embeddings plus Random Forest,4,0.3,0.4,11,0.36590908603234723,0.5454545454545454,0.280091537409322,0.7872872837754024
Human_Pancreas,scGPT embeddings plus Random Forest,5,0.4,0.5,55,0.45927272818305276,0.6,0.46812799210121386,0.7188150276753689
Human_Pancreas,scGPT embeddings plus Random Forest,6,0.5,0.6,125,0.5451199936866761,0.728,0.644064961834957,0.7983392186340461
Human_Pancreas,scGPT embeddings plus Random Forest,7,0.6,0.7,157,0.6561783445868522,0.821656050955414,0.7543177218856917,0.8736298280839633
Human_Pancreas,scGPT embeddings plus Random Forest,8,0.7,0.8,231,0.7542207780338469,0.9653679653679653,0.9331623796892783,0.982348880884846
Human_Pancreas,scGPT embeddings plus Random Forest,9,0.8,0.9,480,0.8569999961803357,0.9791666666666666,0.9620795037783362,0.9886451429296891
Human_Pancreas,scGPT embeddings plus Random Forest,10,0.9,1.0,4236,0.981021014359675,0.9985835694050992,0.9969129866401432,0.9993506805336054
Human_Pancreas,scGPT embeddings plus XGBoost,1,0.0,0.1,0,,,,
Human_Pancreas,scGPT embeddings plus XGBoost,2,0.1,0.2,0,,,,
Human_Pancreas,scGPT embeddings plus XGBoost,3,0.2,0.3,0,,,,
Human_Pancreas,scGPT embeddings plus XGBoost,4,0.3,0.4,0,,,,
Human_Pancreas,scGPT embeddings plus XGBoost,5,0.4,0.5,5,0.4307121753692627,0.2,0.03622410863243014,0.6244653702374747
Human_Pancreas,scGPT embeddings plus XGBoost,6,0.5,0.6,11,0.5615654208443381,0.36363636363636365,0.15166471095367573,0.6461988254921511
Human_Pancreas,scGPT embeddings plus XGBoost,7,0.6,0.7,17,0.6500611480544595,0.6470588235294118,0.41300363485218694,0.8269027960275627
Human_Pancreas,scGPT embeddings plus XGBoost,8,0.7,0.8,17,0.7366994724554174,0.5882352941176471,0.3600544264299978,0.7838894320978518
Human_Pancreas,scGPT embeddings plus XGBoost,9,0.8,0.9,31,0.8502531128544961,0.7096774193548387,0.5340767066925007,0.8390419984369939
Human_Pancreas,scGPT embeddings plus XGBoost,10,0.9,1.0,5214,0.9983400474072052,0.9955887993862678,0.9933891653300967,0.9970587125492826
Human_Pancreas,Matched HVGs plus Logistic Regression,1,0.0,0.1,0,,,,
Human_Pancreas,Matched HVGs plus Logistic Regression,2,0.1,0.2,0,,,,
Human_Pancreas,Matched HVGs plus Logistic Regression,3,0.2,0.3,0,,,,
Human_Pancreas,Matched HVGs plus Logistic Regression,4,0.3,0.4,0,,,,
Human_Pancreas,Matched HVGs plus Logistic Regression,5,0.4,0.5,0,,,,
Human_Pancreas,Matched HVGs plus Logistic Regression,6,0.5,0.6,2,0.582870751619339,0.5,0.09453120573423074,0.9054687942657693
Human_Pancreas,Matched HVGs plus Logistic Regression,7,0.6,0.7,1,0.6502573490142822,0.0,0.0,0.7934506856227626
Human_Pancreas,Matched HVGs plus Logistic Regression,8,0.7,0.8,7,0.7617712531770978,0.7142857142857143,0.35893445183261935,0.9177810759959433
Human_Pancreas,Matched HVGs plus Logistic Regression,9,0.8,0.9,10,0.8675112307071686,0.6,0.31267376973365824,0.8318196702937638
Human_Pancreas,Matched HVGs plus Logistic Regression,10,0.9,1.0,5275,0.9997999201453692,0.9996208530805687,0.9986185312038915,0.9998960180808589
Human_Pancreas,Matched HVGs plus Random Forest,1,0.0,0.1,0,,,,
Human_Pancreas,Matched HVGs plus Random Forest,2,0.1,0.2,0,,,,
Human_Pancreas,Matched HVGs plus Random Forest,3,0.2,0.3,0,,,,
Human_Pancreas,Matched HVGs plus Random Forest,4,0.3,0.4,8,0.36500000953674316,0.5,0.21521606221387757,0.7847839377861224
Human_Pancreas,Matched HVGs plus Random Forest,5,0.4,0.5,24,0.44583333159486455,0.625,0.42709962442674276,0.7884063244045122
Human_Pancreas,Matched HVGs plus Random Forest,6,0.5,0.6,28,0.5485714226961136,0.8214285714285714,0.6440857521065705,0.9212149805439572
Human_Pancreas,Matched HVGs plus Random Forest,7,0.6,0.7,59,0.6504237328545522,0.8813559322033898,0.7747635960001831,0.9413241722420971
Human_Pancreas,Matched HVGs plus Random Forest,8,0.7,0.8,100,0.7579999989271164,0.98,0.929988209271456,0.9944980324498376
Human_Pancreas,Matched HVGs plus Random Forest,9,0.8,0.9,362,0.8635773441409538,0.9972375690607734,0.9845206168919537,0.9995121965581008
Human_Pancreas,Matched HVGs plus Random Forest,10,0.9,1.0,4714,0.9780377656486917,1.0,0.9991857592387909,1.0
Human_Pancreas,Matched HVGs plus XGBoost,1,0.0,0.1,0,,,,
Human_Pancreas,Matched HVGs plus XGBoost,2,0.1,0.2,0,,,,
Human_Pancreas,Matched HVGs plus XGBoost,3,0.2,0.3,0,,,,
Human_Pancreas,Matched HVGs plus XGBoost,4,0.3,0.4,0,,,,
Human_Pancreas,Matched HVGs plus XGBoost,5,0.4,0.5,0,,,,
Human_Pancreas,Matched HVGs plus XGBoost,6,0.5,0.6,5,0.5641542553901673,0.4,0.11762077423264783,0.769275718723987
Human_Pancreas,Matched HVGs plus XGBoost,7,0.6,0.7,5,0.6614451169967651,0.6,0.2307242812760128,0.882379225767352
Human_Pancreas,Matched HVGs plus XGBoost,8,0.7,0.8,5,0.7430025577545166,1.0,0.5655175352168251,1.0
Human_Pancreas,Matched HVGs plus XGBoost,9,0.8,0.9,17,0.8592249540721669,0.8235294117647058,0.5897054143116588,0.9380887336237901
Human_Pancreas,Matched HVGs plus XGBoost,10,0.9,1.0,5263,0.9995317720719079,0.9986699600988029,0.9972569213754298,0.9993555722870072
Pig_Pancreas,scGPT embeddings plus Logistic Regression,1,0.0,0.1,0,,,,
Pig_Pancreas,scGPT embeddings plus Logistic Regression,2,0.1,0.2,0,,,,
Pig_Pancreas,scGPT embeddings plus Logistic Regression,3,0.2,0.3,0,,,,
Pig_Pancreas,scGPT embeddings plus Logistic Regression,4,0.3,0.4,16,0.3712000958621502,0.3125,0.14164643854782039,0.5559564416525933
Pig_Pancreas,scGPT embeddings plus Logistic Regression,5,0.4,0.5,109,0.46120163661624314,0.5137614678899083,0.4210730542514851,0.6055129189480197
Pig_Pancreas,scGPT embeddings plus Logistic Regression,6,0.5,0.6,174,0.5499278217896648,0.5862068965517241,0.5119358243859491,0.6567537500188978
Pig_Pancreas,scGPT embeddings plus Logistic Regression,7,0.6,0.7,186,0.6526277328050265,0.6989247311827957,0.6295217132427783,0.7602772298315753
Pig_Pancreas,scGPT embeddings plus Logistic Regression,8,0.7,0.8,224,0.7542593508426633,0.8258928571428571,0.7708544318612257,0.869942027025998
Pig_Pancreas,scGPT embeddings plus Logistic Regression,9,0.8,0.9,506,0.8620087222855082,0.9525691699604744,0.93039623573772,0.96792223577182
Pig_Pancreas,scGPT embeddings plus Logistic Regression,10,0.9,1.0,3197,0.9631333141950358,0.9978104472943384,0.9954870402034124,0.9989389696286186
Pig_Pancreas,scGPT embeddings plus Random Forest,1,0.0,0.1,0,,,,
Pig_Pancreas,scGPT embeddings plus Random Forest,2,0.1,0.2,0,,,,
Pig_Pancreas,scGPT embeddings plus Random Forest,3,0.2,0.3,0,,,,
Pig_Pancreas,scGPT embeddings plus Random Forest,4,0.3,0.4,24,0.37041666482885677,0.2916666666666667,0.14914648196960875,0.49167693664496637
Pig_Pancreas,scGPT embeddings plus Random Forest,5,0.4,0.5,131,0.45801526876806303,0.5572519083969466,0.4717670903549375,0.6394746607443763
Pig_Pancreas,scGPT embeddings plus Random Forest,6,0.5,0.6,207,0.5497101418637999,0.6038647342995169,0.5359273430420548,0.6680173661271627
Pig_Pancreas,scGPT embeddings plus Random Forest,7,0.6,0.7,218,0.6541284423902494,0.7752293577981652,0.7153267974712869,0.825600045680206
Pig_Pancreas,scGPT embeddings plus Random Forest,8,0.7,0.8,304,0.751743420958519,0.8717105263157895,0.8294286923946499,0.9047154377227831
Pig_Pancreas,scGPT embeddings plus Random Forest,9,0.8,0.9,649,0.85949922691692,0.9614791987673343,0.9437535279219301,0.9737739849324857
Pig_Pancreas,scGPT embeddings plus Random Forest,10,0.9,1.0,2879,0.9729593653528175,0.9986106286905175,0.9964328628346202,0.999459572115466
Pig_Pancreas,scGPT embeddings plus XGBoost,1,0.0,0.1,0,,,,
Pig_Pancreas,scGPT embeddings plus XGBoost,2,0.1,0.2,0,,,,
Pig_Pancreas,scGPT embeddings plus XGBoost,3,0.2,0.3,0,,,,
Pig_Pancreas,scGPT embeddings plus XGBoost,4,0.3,0.4,1,0.3827648162841797,0.0,0.0,0.7934506856227626
Pig_Pancreas,scGPT embeddings plus XGBoost,5,0.4,0.5,8,0.4782886318862438,0.375,0.13684428582359742,0.6942576053973727
Pig_Pancreas,scGPT embeddings plus XGBoost,6,0.5,0.6,41,0.5577592413599898,0.5121951219512195,0.3648450865154381,0.6574557044556734
Pig_Pancreas,scGPT embeddings plus XGBoost,7,0.6,0.7,33,0.6505145286068772,0.6060606060606061,0.43683440819940234,0.7531689256552291
Pig_Pancreas,scGPT embeddings plus XGBoost,8,0.7,0.8,52,0.7442313111745394,0.6923076923076923,0.5573041117529434,0.8008527205071096
Pig_Pancreas,scGPT embeddings plus XGBoost,9,0.8,0.9,81,0.8519362306889192,0.7901234567901234,0.6893461803165967,0.8646282639386685
Pig_Pancreas,scGPT embeddings plus XGBoost,10,0.9,1.0,4196,0.9970846709691421,0.9880838894184938,0.9843255511110351,0.9909493587066671
Pig_Pancreas,Matched HVGs plus Logistic Regression,1,0.0,0.1,0,,,,
Pig_Pancreas,Matched HVGs plus Logistic Regression,2,0.1,0.2,0,,,,
Pig_Pancreas,Matched HVGs plus Logistic Regression,3,0.2,0.3,0,,,,
Pig_Pancreas,Matched HVGs plus Logistic Regression,4,0.3,0.4,0,,,,
Pig_Pancreas,Matched HVGs plus Logistic Regression,5,0.4,0.5,0,,,,
Pig_Pancreas,Matched HVGs plus Logistic Regression,6,0.5,0.6,3,0.5624793767929077,0.6666666666666666,0.2076596008020477,0.9385080552796037
Pig_Pancreas,Matched HVGs plus Logistic Regression,7,0.6,0.7,3,0.6312102476755778,0.3333333333333333,0.06149194472039621,0.7923403991979522
Pig_Pancreas,Matched HVGs plus Logistic Regression,8,0.7,0.8,2,0.7821716070175171,1.0,0.34238022750665303,1.0
Pig_Pancreas,Matched HVGs plus Logistic Regression,9,0.8,0.9,10,0.8564445376396179,0.6,0.31267376973365824,0.8318196702937638
Pig_Pancreas,Matched HVGs plus Logistic Regression,10,0.9,1.0,4394,0.9998358231161636,0.999089667728721,0.9976615040531707,0.9996459343955384
Pig_Pancreas,Matched HVGs plus Random Forest,1,0.0,0.1,0,,,,
Pig_Pancreas,Matched HVGs plus Random Forest,2,0.1,0.2,0,,,,
Pig_Pancreas,Matched HVGs plus Random Forest,3,0.2,0.3,0,,,,
Pig_Pancreas,Matched HVGs plus Random Forest,4,0.3,0.4,2,0.35500000417232513,0.5,0.09453120573423074,0.9054687942657693
Pig_Pancreas,Matched HVGs plus Random Forest,5,0.4,0.5,18,0.4541666689846251,0.7222222222222222,0.4912734343970254,0.8750024662044601
Pig_Pancreas,Matched HVGs plus Random Forest,6,0.5,0.6,33,0.5518181757493452,0.9090909090909091,0.7642739435353026,0.9685960584754184
Pig_Pancreas,Matched HVGs plus Random Forest,7,0.6,0.7,43,0.6558139587557593,0.8604651162790697,0.7273641203261714,0.9344427657203511
Pig_Pancreas,Matched HVGs plus Random Forest,8,0.7,0.8,40,0.750500001013279,0.975,0.8711863103652591,0.9955731684973186
Pig_Pancreas,Matched HVGs plus Random Forest,9,0.8,0.9,126,0.8630952352569217,1.0,0.9704142355178014,0.9999999999999998
Pig_Pancreas,Matched HVGs plus Random Forest,10,0.9,1.0,4150,0.9895771125138524,1.0,0.9990752033126983,1.0
Pig_Pancreas,Matched HVGs plus XGBoost,1,0.0,0.1,0,,,,
Pig_Pancreas,Matched HVGs plus XGBoost,2,0.1,0.2,0,,,,
Pig_Pancreas,Matched HVGs plus XGBoost,3,0.2,0.3,0,,,,
Pig_Pancreas,Matched HVGs plus XGBoost,4,0.3,0.4,0,,,,
Pig_Pancreas,Matched HVGs plus XGBoost,5,0.4,0.5,0,,,,
Pig_Pancreas,Matched HVGs plus XGBoost,6,0.5,0.6,6,0.5743675827980042,0.3333333333333333,0.09677141110578041,0.700006684861608
Pig_Pancreas,Matched HVGs plus XGBoost,7,0.6,0.7,4,0.6588110476732254,0.75,0.30064184258240184,0.9544127391902995
Pig_Pancreas,Matched HVGs plus XGBoost,8,0.7,0.8,6,0.7585743168989817,0.6666666666666666,0.299993315138392,0.9032285888942195
Pig_Pancreas,Matched HVGs plus XGBoost,9,0.8,0.9,12,0.8677359372377396,0.6666666666666666,0.39062208887279953,0.8618799089087867
Pig_Pancreas,Matched HVGs plus XGBoost,10,0.9,1.0,4384,0.9997005432327516,0.9986313868613139,0.9970170859669611,0.9993726061015962
